id,title,original_title,type,year,main_genre,genre,mood,theme,situation,preference,language,country,description,keywords,rating,poster,watch_url
1,สายลับจับบ้านเล็ก,สายลับจับบ้านเล็ก,Movie,2007,โรแมนติก,"โรแมนติก, คอมเมดี้","สนุกสนาน, อบอุ่นหัวใจ, ขำขัน, ฮาเฮ","การสืบหาความจริง, ความผูกพันที่เกิดจากความใกล้ชิด, เมียน้อยเมียหลวง","ตกกระไดพลอยโถมเป็นนักสืบ, การสะดักสะดิ่งติดตามเป้าหมาย, การช่วยเหลือผู้หญิงที่กำลังลำบาก","หนังรักตลกฟีลกู้ด, หนังตลกค่าย GTH, หนังไทยช่วงยุค 2000s",Thai,Thailand,"เรื่องราวของ ""จ๊อก"" นักสืบฝึกหัดที่ได้รับงานติดตามพฤติกรรมของ ""น้ำตาน"" สาวสวยที่ถูกสงสัยว่าเป็นเมียเก็บของเสี่ยใหญ่ แต่เมื่อจ๊อกได้ใกล้ชิดและรู้จักตัวตนที่แท้จริงของเธอ ความรู้สึกของเขากลับเริ่มหวั่นไหวจนกลายเป็นความรัก นำไปสู่สถานการณ์วุ่นๆ ที่ต้องเลือกระหว่างหน้าที่กับหัวใจ","นักสืบ, เมียน้อย, สายลับ, ตลก, ซันนี่ สุวรรณเมธานนท์, พีค ภัทรศยา, กวนๆ",น 13+ (เหมาะสำหรับผู้มีอายุ 13 ปีขึ้นไป),1.jpg,Netflix / TrueID / Google TV
2,กวน มึน โฮ,กวน มึน โฮ,Movie,2010,โรแมนติก,"โรแมนติก, คอมเมดี้","สนุกสนาน, กวนๆ, อบอุ่นหัวใจ, ซาบซึ้ง","การเที่ยวต่างแดนกับคนแปลกหน้า, ความสัมพันธ์แบบไม่รู้จักชื่อ, การก้าวผ่านความบอบช้ำจากความรัก","อกหักแล้วแบกเป้เที่ยวเกาหลี, บังเอิญเจอกันในต่างแดน, ร่วมเดินทางโดยไม่บอกชื่อจริง","หนังรักตลกฟีลกู้ด, หนังท่องเที่ยวต่างประเทศ, หนังไทยคลาสสิกยุค GTH",Thai,Thailand,เรื่องราวของชายหนุ่มและหญิงสาวชาวไทยที่ต่างคนต่างอกหักและเดินทางไปท่องเที่ยวประเทศเกาหลีใต้เพียงลำพัง ทั้งคู่บังเอิญมาพบกันและตกลงร่วมเดินทางท่องเที่ยวด้วยกันโดยตั้งเงื่อนไขว่าจะไม่ถามชื่อ ไม่รู้จักตัวตนที่แท้จริง เพื่อความเป็นอิสระ แต่ยิ่งเวลาผ่านไป ความใกล้ชิดกลับทำให้ทั้งคู่เริ่มรู้สึกดีต่อกันเกินกว่าคนแปลกหน้า,"เกาหลีใต้, คนแปลกหน้า, เที่ยวต่างประเทศ, อกหัก, เต๋อ ฉันทวิชช์, หนูนา หนึ่งธิดา, กวนมึนโฮ",น 13+ (เหมาะสำหรับผู้มีอายุ 13 ปีขึ้นไป),2.jpg,Netflix / TrueID / Google TV
3,คิดถึงวิทยา,คิดถึงวิทยา,Movie,2014,โรแมนติก,"โรแมนติก, ดราม่า, ฟีลกู้ด","อบอุ่นหัวใจ, ซาบซึ้ง, ละมุน, ให้กำลังใจ","ความผูกพันผ่านตัวหนังสือ, ความทุ่มเทของครูผู้เสียสละ, ความเหงาและการรอคอย","การย้ายไปสอนโรงเรียนแพกลางน้ำที่ห่างไกล, การอ่านไดอารี่ของครูคนเก่า, การตกหลุมรักคนที่ไม่เคยเห็นหน้า","หนังรักสร้างแรงบันดาลใจ, หนังไทยบรรยากาศธรรมชาติน่ารัก, เรื่องราวฟีลกู้ดอบอุ่น",Thai,Thailand,"เรื่องราวของ ""สอง"" อดีตนักกีฬามวยสากลที่ย้ายไปเป็นครูสอนโรงเรียนสาขาแพกลางน้ำที่ไร้ไฟฟ้าและสัญญาณโทรศัพท์ เขาได้พบกับไดอารี่ของ ""สอง"" (ครูพลอย) ครูคนเก่าที่เคยสอนที่นี่และเขียนบันทึกความเหงาและความรู้สึกไว้ ไดอารี่เล่มนี้กลายเป็นเพื่อนคลายเหงาและทำให้เขาตกหลุมรักครูเจ้าของไดอารี่โดยที่ไม่เคยพบหน้ากันมาก่อน","ครูแพ, โรงเรียนกลางน้ำ, ไดอารี่, บี้ สุกฤษฎิ์, พลอย เฌอมาลย์, หนังรักอบอุ่น, GTH",ท (เหมาะสำหรับทั่วไป),3.jpg,Netflix / TrueID / Google TV
4,เธอกับฉันกับฉัน,เธอกับฉันกับฉัน,Movie,2023,โรแมนติก,"โรแมนติก, ดราม่า, ทรานซิชัน (ก้าวผ่านวัย)","อบอุ่นหัวใจ, ซาบซึ้ง, หวนนึกถึงอดีต, ละมุน","สายสัมพันธ์ฝาแฝด, ความรักครั้งแรก, ยุค Y2K, การเติบโตและการแบ่งปัน","ฝาแฝดสลับตัวกัน, การรักผู้ชายคนเดียวกัน, วิกฤตปี 2000 (Y2K) ในต่างจังหวัด","หนังรักยุค Y2K, หนังความสัมพันธ์พี่น้องฝาแฝด, หนังรักก้าวผ่านวัย (Coming-of-Age)",Thai,Thailand,"เรื่องราวในยุค Y2K (ปี 1999) ของ ""ยู"" และ ""มี"" แฝดสาวแท้ที่สนิทสนมกันมากและมักแบ่งปันทุกอย่างในชีวิตร่วมกัน แม้กระทั่งการสลับตัวกันเล่น จนกระทั่ง ""หมาก"" เด็กหนุ่มเข้ามาในชีวิต ทั้งสองจึงได้สัมผัสกับความรักครั้งแรกที่ไม่อาจแบ่งปันให้กันได้ ก่อให้เกิดบททดสอบความสัมพันธ์ระหว่างสองพี่น้องฝาแฝด","ฝาแฝด, Y2K, นครพนม, รักครั้งแรก, ใบปอ ธิติยา, โทนี่ อันโทนี่ย์, GDH",ท (เหมาะสำหรับทั่วไป),4.jpg,Netflix / TrueID / Google TV
5,อัศจรรย์ไดโนเสาร์เจ้าปฐพี,อัศจรรย์ไดโนเสาร์เจ้าปฐพี,TV Show,2022,สารคดี,"สารคดี, ธรรมชาติ, ประวัติศาสตร์","ตื่นตาตื่นใจ, สมจริง, น่าติดตาม, ทรงพลัง","การเดินทางข้ามกาลเวลาสู่ยุคดึกดำบรรพ์, สดุดีชีวิตและการดิ้นรนเพื่ออยู่รอดของไดโนเสาร์, นวัตกรรมเทคโนโลยีภาพ CGI ผสานหลักวิทยาศาสตร์",พาผู้ชมย้อนเวลากลับไปเมื่อหลายสิบล้านปีก่อน เผยภาพชีวิตจริง ลมหายใจ การล่า และการต่อสู้เอาชีวิตรอดของไดโนเสาร์หลากสายพันธุ์ทั่วทุกมุมโลก,"สารคดีสัตว์โลกดึกดำบรรพ์ระดับขึ้นหิ้ง, งานภาพ CGI สมจริงสุดตระการตา, สารคดีพากย์ไทยคุณภาพทาง Thai PBS และ Apple TV+",Thai,Thailand,ไม่ใช่แค่สารคดีทั่วไป แต่คือการเดินทางข้ามกาลเวลาที่จะพาคุณไปสัมผัสชีวิตของเหล่าไดโนเสาร์แบบสมจริง ถ่ายทอดภาพพวกมันมีชีวิต หายใจ และต่อสู้เพื่ออยู่รอดในสภาพแวดล้อมที่หลากหลาย ผ่านเทคโนโลยี CGI ขั้นสูงร่วมกับข้อมูลทางบรรพชีวินวิทยาล่าสุด,"อัศจรรย์ไดโนเสาร์ เจ้าปฐพี, ไดโนเสาร์, สารคดี, Prehistoric Planet, Thai PBS, ยุคดึกดำบรรพ์, CGI",ท (เหมาะสำหรับทั่วไป),5.jpg,Thai PBS / Apple TV+
6,Season Change เพราะอากาศเปลี่ยนแปลงบ่อย,เพราะอากาศเปลี่ยนแปลงบ่อย,Movie,2006,โรแมนติก,"โรแมนติก, คอมเมดี้, ดนตรี","อบอุ่นหัวใจ, ละมุน, สดใส, ละเมียดละไม","การค้นหาตัวเอง, ความรักสามเส้าวัยรุ่น, ความหลงใหลในดนตรีคลาสสิก","การสอบเข้าวิทยาลัยดนตรีตามสาวที่แอบชอบ, การปกปิดความจริงกับพ่อแม่, การฝึกซ้อมดนตรี","หนังรักดนตรีคลาสสิก, หนังไทยฟีลกู้ดขึ้นหิ้ง, หนังรักวัยเรียนอบอุ่น",Thai,Thailand,"เรื่องราวของ ""ป้อม"" เด็กหนุ่มที่ตัดสินใจสอบเข้าวิทยาลัยดนตรีเพียงเพราะต้องการอยู่ใกล้ ""ดาว"" ดาวโรงเรียนที่เขาแอบชอบ แต่ที่นั่นเขากลับได้พบกับ ""อ้อม"" เพื่อนสาวที่ช่วยเขาปิดบังพ่อแม่เรื่องเรียนดนตรี ความใกล้ชิดและจังหวะชีวิตที่เปลี่ยนแปลงไปตามฤดูกาลทำให้ป้อมต้องค้นหาว่า หัวใจของเขาเต้นเพื่อใครและดนตรีมีความหมายอย่างไรกับเขาแน่","ดนตรีคลาสสิก, มหิดล, ฤดูกาล, แอบรัก, บอล วิทวัส, ต่าย ชุติมา, นาถ ยุวนาถ, GTH",ท (เหมาะสำหรับทั่วไป),6.jpg,Netflix / TrueID / Google TV
7,Friend Zone ระวัง..สิ้นสุดทางเพื่อน,Friend Zone,Movie,2019,โรแมนติก,"โรแมนติก, คอมเมดี้","สนุกสนาน, อารมณ์ดี, ซาบซึ้ง, ฮาเฮ","เฟรนด์โซน, เส้นกั้นระหว่างเพื่อนกับคนรัก, ความกลัวที่จะสูญเสียมิตรภาพ","ติดอยู่ในสถานะเพื่อนสนิท 10 ปี, การบินไปช่วยเพื่อนตลอดยามอกหัก, ทริปท่องเที่ยวต่างประเทศ","หนังรักตลกฟีลกู้ด, หนังรักเดินทางท่องเที่ยว, หนังไทยค่าย GDH",Thai,Thailand,"เรื่องราวของ ""ปาล์ม"" สจ๊วตหนุ่มที่ติดอยู่ใน ""เฟรนด์โซน"" ของ ""กิ๊ง"" เพื่อนสนิทมายาวนานกว่า 10 ปี ไม่ว่ากิ๊งจะมีปัญหาหัวใจหรืออกหักจากแฟนหนุ่มเมื่อไหร่ ปาล์มพร้อมจะบินไปหาและอยู่เคียงข้างเธอเสมอ จนกระทั่งวันหนึ่งกิ๊งเริ่มสงสัยในความสัมพันธ์ของตัวเอง ปาล์มจึงต้องตัดสินใจว่าจะยอมข้ามเส้นความเป็นเพื่อนเพื่อเสี่ยงรับความรัก หรือจะยอมติดอยู่ในเฟรนด์โซนตลอดไป","เฟรนด์โซน, เพื่อนสนิท, สจ๊วต, ท่องเที่ยว, นาย ณภัทร, ใบเฟิร์น พิมพ์ชนก, GDH",น 13+ (เหมาะสำหรับผู้มีอายุ 13 ปีขึ้นไป),7.jpg,Netflix / TrueID / Google TV
8,ภูตผีวิถีฅน,ภูตผีวิถีฅน,TV Show,2023,สารคดี,"สารคดี, วัฒนธรรม, สยองขวัญ, ประวัติศาสตร์","ชวนคิด, ขนลุก, ทรงภูมิปัญญา, ลึกลับ","ความเชื่อเรื่องผีกับวิถีชีวิตคนไทย, คติความเชื่อท้องถิ่นและการอยู่ร่วมกับธรรมชาติ, บทบาทของวิญญาณในสังคม",การลงพื้นที่สำรวจความเชื่อ พิธีกรรม และเรื่องเล่าเกี่ยวกับภูตผีในภูมิภาคต่างๆ ของไทย เพื่อสะท้อนให้เห็นว่าความเชื่อเรื่องผีหล่อหลอมวิถีชีวิตและศีลธรรมของคนในชุมชนอย่างไร,"สารคดีเชิงวัฒนธรรมและความเชื่อไทย, สารคดีเนื้อหาน้ำดีสะท้อนสังคมทาง Thai PBS",Thai,Thailand,"สารคดีเชิงวัฒนธรรมที่พาไปสำรวจความสัมพันธ์ระหว่าง ""ผี"" กับ ""วิถีชีวิตของคน"" ในสังคมไทย ตั้งแต่คติความเชื่อ พิธีกรรม ตลอดจนกุศโลบายของบรรพบุรุษที่ใช้ความกลัวสิ่งลี้ลับในการควบคุมศีลธรรมและสร้างความสามัคคีในชุมชน","ภูตผีวิถีฅน, ผี, ความเชื่อ, สารคดีไทย, Thai PBS, วัฒนธรรม, พิธีกรรม",ท (เหมาะสำหรับทั่วไป),8.jpg,Thai PBS / VIPA
9,Thai PBS Documentary,Thai PBS Documentary,TV Show,2024,สารคดี,"สารคดี, วัฒนธรรม, ธรรมชาติ, สังคม","ทรงภูมิปัญญา, อบอุ่นหัวใจ, ชวนคิด, เปิดโลกทัศน์","การเรียนรู้ชีวิต วิถีชีวิต ชุมชน ธรรมชาติ และวัฒนธรรม, การนำเสนอสารคดีคุณภาพสูงเพื่อสังคม",รวบรวมเรื่องราวสารคดีอัตลักษณ์ไทยและสารคดีชั้นนำจากทั่วโลก เพื่อเปิดมุมมองการเรียนรู้แก่ผู้ชมในทุกมิติ,"สารคดีไทยคุณภาพน้ำดี, รายการสารคดีจาก Thai PBS และแอปพลิเคชัน VIPA",Thai,Thailand,ศูนย์รวมรายการสารคดีคุณภาพจากสถานีโทรทัศน์ Thai PBS นำเสนอเรื่องราวที่ครอบคลุมทั้งธรรมชาติ วรรณกรรม ประวัติศาสตร์ วิถีชีวิตชุมชน และประเด็นสังคม เพื่อสร้างปัญญา ความเข้าใจ และเปิดมุมมองใหม่ๆ ให้แก่ผู้ชมทุกวัย,"Thai PBS Documentary, สารคดี, Thai PBS, VIPA, สารคดีไทย, วัฒนธรรม, ธรรมชาติ",ท (เหมาะสำหรับทั่วไป),9.jpg,Thai PBS / VIPA / YouTube Thai PBS
10,รักจัง,รักจัง,Movie,2006,โรแมนติก,"โรแมนติก, คอมเมดี้, ดราม่า","อบอุ่นหัวใจ, ซาบซึ้ง, สนุกสนาน, ตลกขำขัน","ความจำเสื่อม, ความรักต่างชั้น, การค้นพบตัวตนในธรรมชาติ, มิตรภาพชาวดอย","ซูเปอร์สตาร์ประสบอุบัติเหตุความจำเสื่อมกลางป่า, นักข่าวสาวปลอมตัวมาถ่ายรูป, ชีวิตในหมู่บ้านชาวเขา","หนังรักตลกฟีลกู้ดยุค 2000s, หนังบรรยากาศธรรมชาติดอยอินทนนท์, หนังรักนักร้องซูเปอร์สตาร์",Thai,Thailand,"เรื่องราวของ ""ฟิล์ม"" นักร้องซูเปอร์สตาร์ชื่อดังที่ประสบอุบัติเหตุทางรถยนต์ตกคลองในป่าลึกจนความจำเสื่อม เขาได้รับความช่วยเหลือจากชาวบ้านบนดอยและตั้งชื่อใหม่ให้ว่า ""หลง"" ในขณะเดียวกัน ""จ๋า"" ปาปารัซซี่สาวที่กำลังตามหาตัวเขาก็ได้มาพบเข้า แต่เมื่อได้ใกล้ชิดและเห็นความบริสุทธิ์ใจของหลง ความตั้งใจเดิมของเธอก็เริ่มเปลี่ยนไปเป็นความรัก","ความจำเสื่อม, ชาวเขา, ป่าไม้, ซูเปอร์สตาร์, ปาปารัซซี่, ฟิล์ม รัฐภูมิ, พอลล่า เทเลอร์, RS Film",ท (เหมาะสำหรับทั่วไป),10.jpg,TrueID / Google TV
11,ATM เอ๋อรัก อิเรอร์เร่อ,ATM เอ๋อรัก อิเรอร์เร่อ,Movie,2012,ตลก,"คอมเมดี้, โรแมนติก","สนุกสนาน, ฮาเฮ, กวนๆ, อารมณ์ดี","กฎเหล็กห้ามพนักงานรักกัน, การแข่งขันในความสัมพันธ์, ตู้ ATM ขัดข้อง","แอบคบกันในที่ทำงาน, ตู้ ATM จ่ายเงินเกินสองเท่า, ภารกิจตามเงินคืนใครแพ้ต้องลาออก","หนังตลกเบาสมอง, หนังรักอารมณ์ดีค่าย GTH, หนังตลกสถานการณ์วุ่นวาย",Thai,Thailand,"เรื่องราวของ ""เสือ"" และ ""จิ๊บ"" พนักงานธนาคาร JNBC ที่แอบคบกันอย่างลับๆ เนื่องจากธนาคารมีกฎเหล็กห้ามพนักงานเป็นแฟนกัน มิฉะนั้นต้องมีคนใดคนหนึ่งลาออก ทั้งคู่ตกลงจะแต่งงานกันแต่ไม่มีใครยอมลาออก จนกระทั่งเกิดเหตุตู้ ATM ซอฟต์แวร์ผิดพลาดจ่ายเงินเกินเป็นสองเท่า ทั้งสองจึงใช้โอกาสนี้ท้าพนันกันว่า ใครกดดันตามเงินคืนจากชาวบ้านได้น้อยกว่า ต้องเป็นฝ่ายยื่นใบลาออก","ตู้เอทีเอ็ม, แอบคบกัน, พนักงานธนาคาร, ชลบุรี, เต๋อ ฉันทวิชช์, ไอซ์ ปรีชญา, GTH",น 13+ (เหมาะสำหรับผู้มีอายุ 13 ปีขึ้นไป),11.jpg,Netflix / TrueID / Google TV
12,พี่มาก..พระโขนง,พี่มาก..พระโขนง,Movie,2013,ตลก,"คอมเมดี้, สยองขวัญ, โรแมนติก","สนุกสนาน, ฮาเฮ, ซาบซึ้ง, หลอนสยอง","ตำนานแม่นาคพระโขนงฉบับตีความใหม่, ความรักแท้มองข้ามความตาย, มิตรภาพเพื่อนแท้","กลับจากศึกสงครามพร้อมเพื่อน, การพิสูจน์ว่าเมียเป็นผีหรือไม่, การปกป้องเพื่อนจากวิญญาณ","หนังตลกรายได้พันล้าน, หนังผีตลกเบาสมอง, หนังไทยคลาสสิกยุค GDH/GTH",Thai,Thailand,"เรื่องราวการตีความใหม่ของตำนานแม่นาคพระโขนง เมื่อ ""พี่มาก"" ได้รอดชีวิตกลับมาจากสงครามพร้อมพาเพื่อนร่วมรบอีก 4 คนกลับมาที่บ้านเพื่อพบกับ ""นาค"" เมียรักที่กำลังอุ้มลูกอยู่ แต่ชาวบ้านกลับลือกันว่านาคได้ตายทั้งกลมและกลายเป็นผีไปแล้ว เพื่อนทั้ง 4 คนจึงต้องทำทุกวิถีทางเพื่อพิสูจน์ความจริงและช่วยพี่มากออกมา ขณะที่พี่มากเองก็ต้องตัดสินใจเลือกระหว่างความจริงและความรัก","แม่นาค, พระโขนง, ผีไทย, พันล้าน, มาริโอ้ เมาเร่อ, ใหม่ ดาวิกา, แก๊งพี่มาก, GTH",น 13+ (เหมาะสำหรับผู้มีอายุ 13 ปีขึ้นไป),12.jpg,Netflix / Prime Video / TrueID
13,ไบค์แมน ศักรินทร์ตูดหมึก,ไบค์แมน ศักรินทร์ตูดหมึก,Movie,2018,ตลก,"คอมเมดี้, โรแมนติก, ดราม่า","สนุกสนาน, ฮาเฮ, อบอุ่นหัวใจ, สดใส","การสู้ชีวิตเพื่อครอบครัว, ความรักและความภูมิใจในครอบครัว, การโกหกเพื่อความสบายใจของแม่","ปลอมตัวเป็นหนุ่มแบงก์แต่จริงเป็นวินมอเตอร์ไซค์, การหลบซ่อนความจริงจากแม่และคนรู้จัก, การปกปิดความลับในกรุงเทพฯ","หนังตลกเบาสมอง, หนังตลกครอบครัวฟีลกู้ด, หนังสะท้อนชีวิตคนทำงาน",Thai,Thailand,"เรื่องราวของ ""ศักรินทร์"" หนุ่มวัยรุ่นที่ตื่นเช้ามาแต่งตัวใส่ชุดพนักงานธนาคารออกจากบ้านทุกวัน เพื่อให้แม่และคนในหมู่บ้านภาคภูมิใจ แต่แท้จริงแล้วเขาเดินทางเข้ากรุงเทพฯ เพื่อไปเปลี่ยนชุดเป็นนายสลับขับวินมอเตอร์ไซค์รับจ้าง เรื่องราววุ่นๆ เกิดขึ้นเมื่อเขาต้องคอยสับเปลี่ยนลุคและหลบซ่อนความจริงจากสายตาของคนรู้จักที่แวะเวียนเข้ามาในชีวิต","วินมอเตอร์ไซค์, หนุ่มแบงก์, โกหก, ครอบครัว, พีช พชร, ฝน ศนันธฉัตร, น้าค่อม ชวนชื่น, เจนนิเฟอร์ คิ้ม",ท (เหมาะสำหรับทั่วไป),13.jpg,Netflix / TrueID / Google TV
14,แสบสนิท ศิษย์ส่ายหน้า,แสบสนิท ศิษย์ส่ายหน้า,Movie,2006,ตลก,"คอมเมดี้, โรแมนติก, กีฬา","สนุกสนาน, ฮาเฮ, กวนๆ, อารมณ์ดี","ความพยายามต่อสู้เพื่อคนรัก, มิตรภาพค่ายมวย, ความเป็นคนแพ้ที่ไม่ยอมแพ้","พ่อค้าขายก๋วยเตี๋ยวอยากเป็นนักมวย, การขึ้นชกเพื่อหาเงินรักษาตาแฟนสาว, การฝึกซ้อมมวยแบบฮาๆ","หนังตลกขึ้นหิ้งตลกตระกูล RS, หนังตลกแก๊งตลกชั้นนำ, หนังตลกเบาสมองยุค 2000s",Thai,Thailand,"เรื่องราวของ ""สนิท"" พ่อค้าขายก๋วยเตี๋ยวเรือรสเด็ดที่มีความฝันอยากเป็นนักมวยไทย เขาหาทางขึ้นชกเพื่อนำเงินรางวัลมารักษาตาของ ""สวย"" แฟนสาวที่กำลังจะบอด แต่ฝีมือการชกของเขากลับห่วยแตกสุดๆ สนิทจึงต้องพึ่งพาแก๊งเพื่อนและครูมวยสุดกวนที่มาช่วยฝึกซ้อมวิชามวยแบบแปลกๆ จนเกิดเป็นความวุ่นวายและเสียงหัวเราะ","ค่ายมวย, ชกมวย, รักษาตา, แดน วรเวช, จิ๊บ ปกฉัตร, ค่อม ชวนชื่น, จตุรงค์ มกจ๊ก, โก๊ะตี๋",ท (เหมาะสำหรับทั่วไป),14.jpg,TrueID / Google TV
15,เมล์นรก หมวยยกล้อ,เมล์นรก หมวยยกล้อ,Movie,2007,ตลก,"คอมเมดี้, แอ็กชัน","สนุกสนาน, ลุ้นระทึก, ฮาเฮ, กวนๆ","ความวุ่นวายบนรถเมล์, สถานการณ์ตัวประกันสุดป่วน, สังคมคนเมืองกรุงเทพฯ","ผู้โดยสารโดนปืนจ่อบนรถเมล์, กระเป๋ารถเมล์กวนประสาท, การจับตัวประกันในวันสงกรานต์","หนังตลกสถานการณ์จำกัดพื้นที่, หนังตลกขึ้นหิ้งตระกูล RS, หนังตลกเบาสมองยุค 2000s",Thai,Thailand,"เรื่องราววุ่นๆ ในวันสงกรานต์บนรถเมล์สาย 39 เมื่อ ""เฮียซ้วง"" ผู้โดยสารอารมณ์ร้อนเกิดสติหลุดหยิบปืนขึ้นมาขู่และจับทุกคนบนรถเป็นตัวประกัน เพียงเพราะขับเลยป้ายและทะเลาะกับกระเป๋ารถเมล์สุดกวนอย่าง ""โก้"" ทำให้เหล่าผู้โดยสารหลากประเภทต้องร่วมมือกันเอาชีวิตรอดในสถานการณ์สุดฮาและคลั่ง","รถเมล์, ตัวประกัน, สงกรานต์, สาย 39, โน้ต อุดม, ค่อม ชวนชื่น, สมชาย เข็มกลัด, เนาวรัตน์ ยุกตะนันท์",น 13+ (เหมาะสำหรับผู้มีอายุ 13 ปีขึ้นไป),15.jpg,TrueID / Google TV
16,หอแต๋วแตก,หอแต๋วแตก,Movie,2007,ตลก,"คอมเมดี้, สยองขวัญ","สนุกสนาน, ฮาเฮ, หลอนสยอง, กวนๆ","ผีสิงในหอพัก, มิตรภาพกลุ่มกะเทย, การสืบหาสาเหตุการตายของผี","เจ๊ๆ เปิดหอพักชายแต่มีคนตายเป็นผีเฮี้ยน, การโดนผีหลอกป่วนจนต้องหาวิธีสู้, การสืบหาความจริง","หนังผีตลกตระกูลหอแต๋วแตก, หนังตลกกะเทยคลายเครียด, หนังตลกพจน์ อานนท์",Thai,Thailand,เรื่องราวของสี่เจ๊แต๋วแก๊งกะเทยประจําหอพักชายที่ต้องเจอกับเรื่องป่วน เมื่อมีนักศึกษาหญิงเสียชีวิตอย่างเป็นปริศนาและกลายเป็นผีเฮี้ยนคอยตามหลอกหลอนคนในหอ ทำให้เหล่าเจ๊ๆ ต้องร่วมมือกันค้นหาความจริงพร้อมกับหาทางรับมือกับผีสุดป่วนในแบบฉบับฮาหลุดโลก,"หอแต๋วแตก, ผีหลอก, กะเทย, เจ๊แต๋ว, จาตุรงค์ มกจ๊ก, เอกชัย ศรีวิชัย, อ้น ศรีพรรณ, พจน์ อานนท์",น 13+ (เหมาะสำหรับผู้มีอายุ 13 ปีขึ้นไป),16.jpg,TrueID / Google TV
,,,,,,,,,,,,,,,,,
,,,,,,,,,,,,,,,,,
19,อีเรียมซิ่ง,อีเรียมซิ่ง,Movie,2020,ตลก,"คอมเมดี้, แอ็กชัน, Adventure","สนุกสนาน, ฮาเฮ, บ้าบิ่น, อารมณ์ดี","หญิงสาวผู้เปรียบเทียบกับพี่สาวเรียบร้อย, การปกป้องครอบครัวจากโจรปล้น, วิถีชีวิตชาวบ้านต่างจังหวัด","ครอบครัวถูกแก๊งโจรจับตัวไป, เรียมต้องออกเดินทางไปช่วยเหลือกองทัพแก๊งเพื่อนสุดกวน, การต่อสู้แบบฮาๆ","หนังตลกเบลล่า ราณี, หนังตลกรายได้สูงยุคใหม่, หนังตลกแนวชาวบ้านซิ่งๆ",Thai,Thailand,"เรื่องราวของ ""เรียม"" หญิงสาวก๋ากั่นแห่งบางน้ำผึ้งที่มักโดนเปรียบเทียบกับ ""แรม"" พี่สาวเรียบร้อยแสนดีอยู่เสมอ วันหนึ่งแก๊งโจรโฉดได้บุกมาจับตัวแรมและแม่ไป เรียมจึงต้องผนึกกำลังกับแก๊งเพื่อนสุดแปลกและสัตว์เลี้ยงคู่ใจ ออกเดินทางไปช่วยครอบครัวพร้อมวีรกรรมสุดซ่าส์และฮากระจาย","บางน้ำผึ้ง, โจรบุก, ก๋ากั่น, เบลล่า ราณี, ค่อม ชวนชื่น, บอล เชิญยิ้ม, โอ๊ต ปราโมทย์, M39",น 13+ (เหมาะสำหรับผู้มีอายุ 13 ปีขึ้นไป),19.jpg,Netflix / TrueID / Google TV
20,ตุ๊ดซี่ส์ แอนด์ เดอะซีรีส์,ตุ๊ดซี่ส์ แอนด์ เดอะซีรีส์,Series,2016,ตลก,"คอมเมดี้, โรแมนติก, LGBTQ+","สนุกสนาน, ฮาเฮ, กวนๆ, อบอุ่นหัวใจ","มิตรภาพของกลุ่มเพื่อน LGBTQ+, การตามหารักแท้, การเผชิญหน้ากับเรื่องนกๆ ในชีวิต","กลุ่มเพื่อนอกหักพร้อมกัน, การเล่าเรื่องราวตลกร้ายในชีวิตประจำวัน, การช่วยเหลือกันในกลุ่มเพื่อนสนิท","ซีรีส์ตลก LGBTQ+ ยอดฮิต, ซีรีส์สร้างจากเพจดัง, ซีรีส์ตลกแก๊งเพื่อน GDH",Thai,Thailand,"ซีรีส์ตลกดัดแปลงจากบันทึกในเพจเฟซบุ๊กชื่อดัง เล่าเรื่องราวของ ""กัส"" ชายหนุ่มกะเทยและแก๊งเพื่อนสนิทอย่าง ""กอล์ฟ"" ""คิม"" และ ""แนตตี้"" ที่ต้องเผชิญกับเรื่องราวความรักสุดป่วน การอกหักพร้อมกัน และสถานการณ์สุดฮาในชีวิตประจำวัน แต่พวกเขาก็ผ่านมันไปได้ด้วยพลังของมิตรภาพและความกวน","LGBTQ+, ไดอารี่ตุ๊ดซี่ส์, แก๊งเพื่อน, เพชร เผ่าเพชร, ปิงปอง ธงชัย, เต๋อ รัฐนันท์, พีค ภัทรศยา, GDH",18+ (เหมาะสำหรับผู้ใหญ่),20.jpg,Netflix / TrueID / Google TV
21,หลานม่า,หลานม่า,Movie,2024,ดราม่า,"ดราม่า, ครอบครัว","ซาบซึ้ง, สะเทือนอารมณ์, อบอุ่นหัวใจ, น้ำตาซึม","สายสัมพันธ์ครอบครัวคนไทยเชื้อสายจีน, มรดกและความรัก, การดูแลผู้สูงอายุช่วงสุดท้ายของชีวิต","หลานชายดรอปเรียนมาดูแลอาม่าที่ป่วยมะเร็งเพื่อหวังมรดก, การเรียนรู้ความหมายของครอบครัวผ่านเวลาที่เหลืออยู่","หนังดราม่าครอบครัวน้ำตาซึม, หนังไทยกระแสแรงระดับนานาชาติ, หนัง GDH อบอุ่นหัวใจ",Thai,Thailand,"เรื่องราวของ ""เอ็ม"" หลานชายที่ตัดสินใจเลิกเล่นเกมแล้วมาคอยดูแล ""อาม่า"" ที่ป่วยเป็นมะเร็งระยะสุดท้าย โดยหวังว่าจะได้รับมรดกเป็นบ้านหลังโตเหมือนที่ลูกสาวคนอื่นเคยได้ แต่ยิ่งเวลาผ่านไป การได้ใช้ชีวิตและดูแลอาม่ากลับทำให้เอ็มได้เรียนรู้ถึงความรัก ความเสียสละ และความหมายที่แท้จริงของคำว่าครอบครัว","อาม่า, หลานชาย, มรดก, มะเร็ง, ครอบครัวไทยจีน, บิวกิ้น พุฒิพงศ์, แต๋ว อุษา, GDH",ท (เหมาะสำหรับทั่วไป),21.jpg,Netflix / TrueID / Google TV
22,วิมานหนาม,วิมานหนาม,Movie,2024,ดราม่า,"ดราม่า, ทริลเลอร์, LGBTQ+","ตึงเครียด, เข้มข้น, กดดัน, สะเทือนอารมณ์","การแย่งชิงสิทธิ์ในทรัพย์สินและสวนทุเรียน, ความไม่เท่าเทียมทางกฎหมายของคู่รักเพศเดียวกัน, ศักดิ์ศรีและการแก้แค้น","คนรักเสียชีวิตกะทันหันแต่ไม่มีสิทธิ์ในทรัพย์สินที่ร่วมสร้าง, แม่และน้องสาวของคนรักเข้ามาครอบครองสมบัติ, การฟาดฟันเพื่อแย่งชิงสวนทุเรียน","หนังดราม่าเชือดเฉือนสะท้อนสังคม, หนังชิงรักหักสวาทเข้มข้น, หนังไทยคุณภาพจาก GDH",Thai,Thailand,"เรื่องราวของ ""ทองคำ"" ชายหนุ่มที่ร่วมแรงร่วมใจสร้างสวนทุเรียนกับ ""เสก"" คนรักของเขา แต่เมื่อเสกประสบอุบัติเหตุเสียชีวิต ทรัพย์สินทั้งหมดกลับตกเป็นของ ""แม่แสง"" แม่ตามกฎหมายของเสก และ ""โหม๋"" ลูกสาวบุญธรรม ทองคำที่ทุ่มเททุกอย่างแต่กลับไม่เหลืออะไรจึงต้องลุกขึ้นมาสู้และแย่งชิงวิมานแห่งนี้คืนมา","สวนทุเรียน, สมบัติ, LGBTQ+, ความเท่าเทียม, เจฟ ซาเตอร์, อิงฟ้า วราหะ, GDH",น 15+ (เหมาะสำหรับผู้มีอายุ 15 ปีขึ้นไป),22.jpg,Netflix / TrueID / Google TV
,,,,,,,,,,,,,,,,,
,,,,,,,,,,,,,,,,,
,,,,,,,,,,,,,,,,,
26,รักแห่งสยาม,รักแห่งสยาม,Movie,2007,ดราม่า,"ดราม่า, โรแมนติก, LGBTQ+","ซาบซึ้ง, สะเทือนอารมณ์, หม่นหมอง, เหงา","ความสัมพันธ์และปมในครอบครัว, ความรักวัยรุ่นเพศเดียวกัน, การสูญเสียและการก้าวผ่านความบอบช้ำ","เพื่อนวัยเด็กกลับมาเจอกันที่สยามสแควร์, ครอบครัวแตกสลายเพราะพี่สาวหายตัวไป, การค้นหาความหมายของความรัก","หนังดราม่าขึ้นหิ้งคลาสสิก, หนัง LGBTQ+ เรื่องแรกๆ ของไทย, หนังรักสยามสแควร์ยุค 2000s",Thai,Thailand,"เรื่องราวของ ""โต้ง"" และ ""มิว"" สองเพื่อนสนิทในวัยเด็กที่ต้องแยกย้ายกันไปหลังครอบครัวของโต้งสูญเสียพี่สาว จนกระทั่งได้กลับมารับรู้ชีวิตของกันและกันอีกครั้งในยามเป็นวัยรุ่นที่สยามสแควร์ มิวกลายเป็นนักร้องนำวงดนตรี ส่วนโต้งกำลังสับสนกับชีวิตและครอบครัวที่พังทลาย ความใกล้ชิดนำไปสู่ความรู้สึกที่มากกว่าเพื่อน ท่ามกลางบททดสอบของความรักและครอบครัว","สยามสแควร์, LGBTQ+, วงออกัส, พี่สาวหายตัว, มาริโอ้ เมาเร่อ, พิช วิชญ์วิสิฐ, มะเดี่ยว ชูเกียรติ, สหมงคลฟิล์ม",น 13+ (เหมาะสำหรับผู้มีอายุ 13 ปีขึ้นไป),26.jpg,Netflix / TrueID / Google TV
27,ฟรีแลนซ์..ห้ามป่วย ห้ามพัก ห้ามรักหมอ,ฟรีแลนซ์..ห้ามป่วย ห้ามพัก ห้ามรักหมอ,Movie,2015,ดราม่า,"ดราม่า, โรแมนติก, คอมเมดี้","สมจริง, เหงา, อบอุ่นหัวใจ, เสียดสี","โศกนาฏกรรมคนทำงานหนัก (Workaholic), การบาลานซ์ชีวิตกับสุขภาพ, ความสัมพันธ์ระหว่างคนไข้กับหมอ","กราฟิกดีไซเนอร์ฟรีแลนซ์โหมงานหนักจนผื่นขึ้นทั้งตัว, การไปพบหมอผิวหนังที่โรงพยาบาลรัฐทุกเดือน, การพยายามหักห้ามใจไม่ให้รักหมอ","หนังสะท้อนชีวิตคนทำงานฟรีแลนซ์, หนังรักโทนสมจริงนวลๆ, หนังผู้กำกับ เต๋อ นวพล",Thai,Thailand,"เรื่องราวของ ""ยี่ปุ่น"" (ยุ่น) กราฟิกดีไซเนอร์ฟรีแลนซ์สายอดนอนที่ทุ่มเทชีวิตให้กับการรีทัชภาพแบบไม่หยุดพัก จนกระทั่งร่างกายประท้วงด้วยผื่นประหลาดทั่วตัว ทำให้เขาต้องไปรักษาตัวที่โรงพยาบาลรัฐและได้พบกับ ""หมออิม"" หมอผิวหนังคนสวย ยุ่นเริ่มรักษาสุขภาพและตั้งใจไปพบหมอตามนัดทุกเดือน จนความใกล้ชิดกลายเป็นความรู้สึกดีๆ ที่ขัดแย้งกับวิถีชีวิตฟรีแลนซ์ของเขา","ฟรีแลนซ์, อดนอน, โรงพยาบาลรัฐ, ผื่นคัน, ซันนี่ สุวรรณเมธานนท์, ใหม่ ดาวิกา, เต๋อ นวพล, GTH",น 13+ (เหมาะสำหรับผู้มีอายุ 13 ปีขึ้นไป),27.jpg,Netflix / TrueID / Google TV
,,,,,,,,,,,,,,,,,
,,,,,,,,,,,,,,,,,
30,เลือดข้นคนจาง,เลือดข้นคนจาง,Series,2018,ดราม่า,"ดราม่า, สืบสวนสอบสวน, ครอบครัว","ตึงเครียด, กดดัน, เข้มข้น, ชวนติดตาม","วิกฤตและความตึงเครียดในตระกูลไทยจีน, การฆาตกรรมและการสืบหาความจริง, ความลำเอียงและสิทธิชายเป็นใหญ่","พี่ชายคนโตของตระกูลถูกยิงเสียชีวิตในบ้าน, การตกเป็นผู้สงสัยของคนในครอบครัว, การเฉือนคมและสืบหาตัวฆาตกร","ซีรีส์สืบสวนสอบสวนไทยขึ้นหิ้ง, ซีรีส์ดราม่าตระกูลตระกูลไทยจีน, ซีรีส์เชือดเฉือนการแสดงยอดเยี่ยม",Thai,Thailand,"เรื่องราวในตระกูล ""จิระอนันต์"" ครอบครัวคนไทยเชื้อสายจีนตระกูลใหญ่ผู้เป็นเจ้าของธุรกิจโรงแรม เมื่อ ""ประเสริฐ"" พี่ชายคนโตผู้รับช่วงดูแลธุรกิจถูกยิงเสียชีวิตอย่างปริศนาภายในบ้าน ทำให้สมาชิกในครอบครัวทุกคนกลายเป็นผู้สงสัย การสืบหาตัวฆาตกรเปิดแผลรอยแตกร้าว ความเหลื่อมล้ำ ความลับ และความขัดแย้งเรื่องมรดกที่สะสมมานานจนทำให้ ""เลือดที่เคยข้น กลับจางลง""","ใครฆ่าประเสริฐ, ตระกูลไทยจีน, มรดก, สืบสวน, กบ ทรงสิทธิ์, แหม่ม คัทลียา, เจเจ กฤษณภูมิ, นาดาวบางกอก, One31",น 13+ (เหมาะสำหรับผู้มีอายุ 13 ปีขึ้นไป),30.jpg,Netflix / Disney+ Hotstar / One31
31,ชัตเตอร์ กดติดวิญญาณ,ชัตเตอร์ กดติดวิญญาณ,Movie,2004,สยองขวัญ,"สยองขวัญ, สืบสวนสอบสวน, ลึกลับ","หลอนสยอง, ตึงเครียด, กดดัน, น่ากลัว","ภาพถ่ายติดวิญญาณ, ความลับในอดีตและการล้างแค้น, เวรกรรมตามสนอง","ช่างภาพหนุ่มและแฟนสาวพบเงาประหลาดในภาพถ่าย, การเจ็บปวดบริเวณต้นคอโดยไม่ทราบสาเหตุ, การตามล่าความจริงของเงาวิญญาณ","หนังผีไทยระดับตำนานขึ้นหิ้ง, หนังผีหักมุมสุดช็อก, หนังผีระดับคลาสสิกของ GTH",Thai,Thailand,"เรื่องราวของ ""ธรรม์"" ช่างภาพหนุ่ม และ ""เจน"" แฟนสาว ที่ขับรถชนหญิงสาวคนหนึ่งแล้วหลบหนีไป หลังจากนั้นธรรม์เริ่มพบเงาขาวประหลาดปรากฏในภาพถ่ายของเขา และอาการปวดคอรุนแรงโดยหาสาเหตุไม่ได้ ทั้งสองจึงเริ่มสืบหาความจริงจนพบกับความลับสุดสะพรึงในอดีตที่ธรรม์พยายามซ่อนไว้ ซึ่งนำไปสู่บทสรุปและการล้างแค้นที่ชวนขนหัวลุก","ชัตเตอร์, ภาพถ่ายติดวิญญาอน, ขี่คอ, อนันดา เอเวอริงแฮม, จ๋า ณัฐฐาวีรนุช, GTH, หนังผีขึ้นหิ้ง",น 15+ (เหมาะสำหรับผู้มีอายุ 15 ปีขึ้นไป),31.jpg,Netflix / TrueID / Google TV
32,ธี่หยด,ธี่หยด,Movie,2023,สยองขวัญ,"สยองขวัญ, แอ็กชัน","ตึงเครียด, สยองขวัญ, ดุดัน, สะพรึงกลัว","เสียงปริศนายามค่ำคืน, ผีชุดดำเข้าสิงร่าง, สายสัมพันธ์พี่น้องและการปกป้องครอบครัว","เสียง ""ธี่หยด"" ดังขึ้นในหมู่บ้านห่างไกล, เด็กสาวป่วยหนักและมีพฤติกรรมแปลกไป, พี่ชายคนโตกลับมาสู้กับสิ่งลึกลับเพื่อช่วยน้องสาว","หนังผีไทยดุดันเดือดๆ, หนังสร้างจากเรื่องเล่า Pantip/กระทู้ผีดัง, หนังผีรายได้สูงระดับปรากฏการณ์",Thai,Thailand,"เรื่องราวในปี พ.ศ. 2515 ณ หมู่บ้านห่างไกลในจังหวัดกาญจนบุรี เมื่อเด็กสาวคนหนึ่งตายอย่างเป็นปริศนา หลังจากนั้น ""แย้ม"" น้องสาวคนรองของบ้านก็เริ่มมีอาการป่วยแปลกๆ และได้ยินเสียงรำพึงปริศนา ""ธี่หยด"" ในยามค่ำคืน ""ยักษ์"" พี่ชายคนโตอดีตทหารจึงต้องกลับมาปกป้องครอบครัวและประชันหน้ากับวิญญาณร้ายสุดโหดเหี้ยมเพื่อเอาชีวิตรอด","ธี่หยด, กาญจนบุรี, เสียงปริศนา, ผีชุดดำ, ณเดชน์ คูกิมิยะ, มิ้ม รัตนวดี, เรื่องเล่าพันทิป, M Studio",น 15+ (เหมาะสำหรับผู้มีอายุ 15 ปีขึ้นไป),32.jpg,Netflix / TrueID / Google TV
33,ร่างทรง (The Medium),ร่างทรง (The Medium),Movie,2021,สยองขวัญ,"สยองขวัญ, ลึกลับ, สารคดีเท็จ (Mockumentary)","กดดัน, หลอนสยอง, ชวนสยดสยอง, หม่นหมอง","ความเชื่อเรื่องร่างทรงและความศักดิ์สิทธิ์, ร่างสิงสู่ของสิ่งวิญญาณชั่วร้าย, ความขัดแย้งของศาสนาและความเชื่อท้องถิ่น","ทีมงานถ่ายทำสารคดีตามติดชีวิตร่างทรงย่าบาหยัน, หลานสาวเริ่มมีอาการสิงสู่แปลกๆ, พิธีไล่ผีที่บานปลายจนควบคุมไม่ได้","หนังผีสไตล์สารคดีสมจริง, หนังผีไทยร่วมทุนสร้างกับเกาหลี, หนังผีสยองขวัญระดับหลอนสุดขีด",Thai,Thailand,"เรื่องราวของทีมงานถ่ายทำสารคดีที่เดินทาง ไปยังภาคอีสานของไทยเพื่อตามติดชีวิตของ ""ป้านิ่ม"" ร่างทรงของ ""ย่าบาหยัน"" เทพท้องถิ่นที่ชาวบ้านเคารพบูชา แต่แล้ว ""มิน"" หลานสาวของป้านิ่มเริ่มมีอาการแปลกๆ และแสดงพฤติกรรมก้าวร้าวรุนแรงขึ้นเรื่อยๆ ทีมงานจึงปักหลักถ่ายทำเพราะเชื่อว่ามินกำลังจะรับสืบทอดร่างทรง แต่แท้จริงแล้วสิ่งที่สิงอยู่ในตัวเธออาจเป็นวิญญาณชั่วร้ายสุดสะพรึง","ร่างทรง, ย่าบาหยัน, อีสาน, สารคดีหลอน, ญดา นริลญา, ต้อม เอี้ยงฟ้า, GDH, โชว์บ็อกซ์",18+ (เหมาะสำหรับผู้ใหญ่),33.jpg,Netflix / TrueID / Google TV
34,ลัดดาแลนด์,ลัดดาแลนด์,Movie,2011,สยองขวัญ,"สยองขวัญ, ดราม่า","กดดัน, ตึงเครียด, หลอนสยอง, เศร้าสะเทือนอารมณ์","ความกดดันในการเป็นหัวหน้าครอบครัว, หมู่บ้านจัดสรรที่มีคนถูกฆาตกรรม, การแตกสลายของครอบครัว","ซื้อบ้านใหม่ในหมู่บ้านลัดดาแลนด์ที่เชียงใหม่, เมดสาวชาวพม่าถูกฆ่าตายในหมู่บ้าน, สมาชิกในบ้านต้องเผชิญกับผีและความกดดันทางเศรษฐกิจ","หนังผีไทยผสมดราม่าครอบครัว, หนังผีหมู่บ้านจัดสรรสุดหลอน, หนังผีสร้างชื่อค่าย GTH",Thai,Thailand,"เรื่องราวของ ""ธีร์"" พ่อบ้านที่ตัดสินใจทุ่มเงินเก็บทั้งชีวิตย้ายครอบครัวจากกรุงเทพฯ ไปซื้อบ้านในหมู่บ้าน ""ลัดดาแลนด์"" ที่จังหวัดเชียงใหม่ เพื่อหวังให้ครอบครัวมีความสุข แต่แล้วก็เกิดเหตุการณ์ฆาตกรรมเมดสาวอย่างเหี้ยมโหดในหมู่บ้าน ทำให้เกิดเรื่องราวผีหลอกวิญญาณเฮี้ยนตามมา บวกกับความกดดันเรื่องการงานและครอบครัว ทำให้บ้านที่เคยเป็นวิมานกลับกลายเป็นฝันร้าย","ลัดดาแลนด์, เชียงใหม่, หมู่บ้านผีสิง, หัวหน้าครอบครัว, ก้อง สหรัถ, ป๊อก ปิยธิดา, ปันปัน สุทัตตา, GTH",น 15+ (เหมาะสำหรับผู้มีอายุ 15 ปีขึ้นไป),34.jpg,Netflix / TrueID / Google TV
35,โปรแกรมหน้า วิญญาณอาฆาต,โปรแกรมหน้า วิญญาณอาฆาต,Movie,2008,สยองขวัญ,"สยองขวัญ, ลึกลับ","หลอนสยอง, ตึงเครียด, ชวนสะพรึง, กดดัน","ผีในแผ่นฟิล์มและโรงภาพยนตร์, การซูมหนังซูมเถื่อน, คำสาปและการล้างแค้นของผีชบา","พนักงานฉายหนังแอบซูมภาพยนตร์สยองขวัญเรื่องใหม่, คนที่ดูหนังเริ่มถูกผีในเรื่องตามฆ่าทีละคน, การสืบประวัติฉากเบื้องหลังการถ่ายทำ","หนังผีแนวโรงหนังสุดคลาสสิก, หนังผีไทยไอเดียแปลกใหม่, หนังผีหลอนติดตาจาก GTH",Thai,Thailand,"เรื่องราวของ ""เชน"" พนักงานฉายภาพยนตร์ที่แอบร่วมมือกับเพื่อนซูมหนังผีเรื่อง ""วิญญาณอาฆาต"" เพื่อนำไปขายเป็นแผ่นเถื่อน แต่เพื่อนของเขากลับหายตัวไปอย่างปริศนาในโรงหนัง เชนเริ่มพบว่าเหตุการณ์สยองขวัญและ ""ผีชบา"" ที่อยู่ในหนังกำลังออกมาล่าชีวิตคนที่ได้ดูภาพยนตร์เรื่องนี้ในชีวิตจริง ทำให้เขาต้องรีบหาทางหยุดยั้งก่อนที่จะกลายเป็นรายต่อไป","ผีชบา, มึงอยากเห็นกูตายใช่ไหม, โรงหนัง, ซูมหนัง, เต๋อ ฉันทวิชช์, พั้นช์ วรกาญจน์, GTH",น 15+ (เหมาะสำหรับผู้มีอายุ 15 ปีขึ้นไป),35.jpg,Netflix / TrueID / Google TV
,,,,,,,,,,,,,,,,,
37,สี่แพร่ง,สี่แพร่ง,Movie,2008,สยองขวัญ,"สยองขวัญ, ลึกลับ","หลอนสยอง, ตึงเครียด, กดดัน, ตื่นเต้น","4 เรื่องเล่าสยองขวัญ 4 รสชาติ, ความกลัวในชีวิตประจำวัน, วิญญาณพยาบาท",สาวเหงาส่ง SMS กับคนแปลกหน้า / ยันต์สั่งตายในโรงเรียน / แก๊งเพื่อนล่องแก่งเจอผี / แอร์โฮสเตสดูแลศพเจ้าหญิงบนเครื่องบิน,"หนังผีสี่ตอนจบในเรื่อง, หนังผีไทยยอดฮิตขึ้นหิ้ง, หนังผีรวมผู้กำกับชื่อดัง GTH",Thai,Thailand,"หนังผีสยองขวัญสี่เรื่องสี่รสชาติ ได้แก่ ""เหงา"" เรื่องของสาวเหงาที่คุยข้อความกับวิญญาณ, ""ยันต์สั่งตาย"" การแก้แค้นด้วยคุณไสยในโรงเรียน, ""คนกลาง"" แก๊งเพื่อนล่องแก่งที่เจอเรื่องสยองเมื่อเพื่อนจมน้ำ, และ ""เที่ยวบิน 224"" แอร์โฮสเตสที่ต้องเฝ้าศพเจ้าหญิงบนเครื่องบินเพียงลำพัง","สี่แพร่ง, SMS, เที่ยวบิน 224, คนกลาง, พลอย เฌอมาลย์, เอ๋ มณีรัตน์, สายป่าน โฟกัส, GTH",น 15+ (เหมาะสำหรับผู้มีอายุ 15 ปีขึ้นไป),37.jpg,Netflix / TrueID / Google TV
38,เปนชู้กับผี,เปนชู้กับผี,Movie,2006,สยองขวัญ,"สยองขวัญ, ลึกลับ, ดราม่า","หลอนสยอง, บรรยากาศวังเวง, ละเมียดละไม, ตึงเครียด","คฤหาสน์โบราณลึกลับ, การตามหาสามีที่หายสาบสูญ, วิญญาณและความลับในบ้านโบราณ","หญิงตั้งครรภ์เดินทางมาตามหาสามีที่คฤหาสน์โบราณ, การพบเจอผู้คนและพฤติกรรมแปลกๆ ในบ้าน, การสืบหาความจริงสุดช็อก","หนังผีสไตล์พีเรียดบรรยากาศหลอนคลาสสิก, หนังผีไทยเนื้อหาลุ่มลึก, หนังผีกำกับโดย วิศิษฏ์ ศาสนเที่ยง",Thai,Thailand,"เรื่องราวในยุค พ.ศ. 2493 ของ ""นวลจันทร์"" หญิงสาวตั้งครรภ์ที่เดินทางมาจากต่างจังหวัดเพื่อตามหา ""ชอบ"" สามีที่หายตัวไป เธอได้มาขออาศัยอยู่ในคฤหาสน์โบราณลึกลับของ ""คุณรัญจวน"" แต่ยิ่งอยู่นานไป นวลจันทร์ก็ยิ่งพบกับบรรยากาศวังเวง พฤติกรรมแปลกประหลาดของคนในบ้าน และเสียงลือเล่าอ้างว่าคฤหาสน์แห่งนี้มีวิญญาณวนเวียนอยู่","คฤหาสน์โบราณ, พีเรียด, คุณรัญจวน, นวลจันทร์, นุ่น ศิรพันธ์, แอ๊ว อำภา, วิศิษฏ์ ศาสนเที่ยง, กันตนา",น 13+ (เหมาะสำหรับผู้มีอายุ 13 ปีขึ้นไป),38.jpg,Netflix / TrueID / Google TV
39,บ้านเช่า บูชายัญ,บ้านเช่า บูชายัญ,Movie,2023,สยองขวัญ,"สยองขวัญ, ทริลเลอร์, ลึกลับ","ตึงเครียด, กดดัน, น่ากลัว, ชวนสงสัย","ลัทธิบูชายัญปริศนา, สัญลักษณ์สยองขวัญและมนต์ดำ, การปกป้องลูกสาวจากภัยลึกลับ","ปล่อยบ้านให้ผู้เช่าปริศนาเช่า, สามีเริ่มมีพฤติกรรมแปลกๆ และสัญลักษณ์ลัทธิ, การค้นพบพิธีกรรมบูชายัญเพื่อแลกเปลี่ยนบางอย่าง","หนังผีลัทธิบูชายัญสุดระทึก, หนังไทยสยองขวัญดึงดูดใจ, หนังผลงานผู้กำกับ ลัดดาแลนด์",Thai,Thailand,"เรื่องราวของ ""หนิง"" และ ""กวิน"" สองสามีภรรยาที่ตัดสินใจปล่อยบ้านให้เช่า แล้วย้ายไปอยู่คอนโด แต่หลังจากผู้เช่าใหม่ซึ่งเป็นคุณหมอวัยเกษียณและลูกสาวย้ายเข้ามา หนิงก็เริ่มสังเกตเห็นพฤติกรรมแปลกๆ ของสามีที่เริ่มใส่เครื่องรางแปลกๆ และออกจากบ้านตอนตีสี่ พร้อมการปรากฏของรอยสักและสัญลักษณ์ลัทธิบูชายัญที่มุ่งเป้ามายังลูกสาวของเธอ","บ้านเช่า, ลัทธิ, บูชายัญ, สัญลักษณ์, เวียร์ ศุกลวัฒน์, มิว นิษฐา, ต่าย เพ็ญพักตร์, GDH",น 15+ (เหมาะสำหรับผู้มีอายุ 15 ปีขึ้นไป),39.jpg,Netflix / TrueID / Google TV
40,อนงค์ (My Boo),อนงค์ (My Boo),Movie,2024,สยองขวัญ,"สยองขวัญ, โรแมนติก, คอมเมดี้","อบอุ่นหัวใจ, สนุกสนาน, อารมณ์ดี, ละมุน","บ้านผีสิงเปิดเป็นบ้านผีสิงจริง, ความรักระหว่างคนกับผี, การช่วยเหลือกิจการครอบครัว","ชายหนุ่มได้รับมรดกเป็นบ้านโบราณที่มีผีสิงอยู่จริง, การร่วมมือกับผีทำธุรกิจบ้านผีสิง, ความผูกพันที่เกิดขึ้นระหว่างคนและผีสาว","หนังผีตลกโรแมนติกฟีลกู้ด, หนังรักคนกับผีอารมณ์ดี, หนังไทยกระแสดีปี 2024",Thai,Thailand,"เรื่องราวของ ""โจ"" หนุ่มเกมเมอร์ดวงตกที่ได้รับมรดกเป็นบ้านโบราณหลังโต แต่กลับพบว่าบ้านหลังนี้มีผีเจ้าของบ้านเดิมอย่าง ""อนงค์"" และแก๊งผีๆ สิงสู่อยู่ โจจึงเกิดไอเดียเปิดบ้านหลังนี้ให้เป็น ""บ้านผีสิง"" ของจริงเพื่อทำรายได้ ความใกล้ชิดและการทำงานร่วมกันทำให้เกิดความรักความผูกพันสุดน่ารักระหว่างคนกับผี","บ้านผีสิง, คนกับผี, มรดก, อนงค์, โบว์ เมลดา, จี๋ สุทธิรักษ์, คาร์แมนไลน์, M Studio",ท (เหมาะสำหรับทั่วไป),40.jpg,Netflix / TrueID / Google TV
41,องค์บาก,องค์บาก,Movie,2003,แอ็กชัน,"แอ็กชัน, อาชญากรรม, ศิลปะการต่อสู้","ตื่นเต้น, ดุดัน, ฮึกเหิม, สนุกสนาน","ศิลปะแม่ไม้มวยไทยโบราณ, การตามหาเศียรพระพุทธรูปคืนสู่หมู่บ้าน, ความศรัทธาและความกล้าหาญ","เศียรพระองค์บากถูกขโมยไปจากหมู่บ้านหนองประดู่, ขามเดินทางเข้ากรุงเทพฯ เพื่อตามหา, การต่อสู้กับแก๊งมาเฟียและนักชกใต้ดิน","หนังแอ็กชันมวยไทยขึ้นหิ้งระดับโลก, หนังต่อสู้เล่นจริงเจ็บจริงไม่ใช้สลิง, หนังสร้างชื่อ จ่าพนม (ทัชชกร ยีรัมย์)",Thai,Thailand,"เรื่องราวของ ""บุญทิ้ง"" หนุ่มชาวบ้านหนองประดู่ ผู้ฝึกฝนศิลปะมวยไทยโบราณ ต้องเดินทางเข้ากรุงเทพฯ เพื่อตามหาเศียรพระพุทธรูป ""องค์บาก"" พระประธานของหมู่บ้านที่ถูกแก๊งลักลอบขโมยไป เขาต้องเผชิญหน้ากับโลกอาชญากรรมใต้ดินและนักสู้หลากสไตล์ โดยใช้เพียงแม่ไม้มวยไทยอันไร้เทียมทานในการเอาชนะศัตรูเพื่อนำเศียรพระกลับคืนสู่ชุมชน","มวยไทย, องค์บาก, เล่นจริงเจ็บจริง, ไม่ใช้สลิง, จ่าพนม, ทัชชกร ยีรัมย์, หม่ำ จ๊กมก, สหมงคลฟิล์ม",น 15+ (เหมาะสำหรับผู้มีอายุ 15 ปีขึ้นไป),41.jpg,Netflix / TrueID / Google TV
42,ต้มยำกุ้ง,ต้มยำกุ้ง,Movie,2005,แอ็กชัน,"แอ็กชัน, อาชญากรรม, ศิลปะการต่อสู้","ดุดัน, ตื่นเต้น, สะใจ, เข้มข้น","สายสัมพันธ์ระหว่างคนกับช้าง, มวยไทยโบราณสายคชสาร, การทวงคืนของสำคัญข้ามชาติ","ช้างพ่อลูกถูกขโมยไปขายยังประเทศออสเตรเลีย, ขามเดินทางไปซิดนีย์เพื่อตามล่าแก๊งค้าสัตว์ข้ามชาติ, การบุกถล่มรังมาเฟียและร้านต้มยำกุ้ง","หนังแอ็กชันไทยโกอินเตอร์, หนังฉากต่อสู้ลองเทกในตำนาน, หนังแอ็กชันเล่นจริงเจ็บจริง",Thai,Thailand,"เรื่องราวของ ""ขาม"" ชายหนุ่มผู้เติบโตมาพร้อมกับ ""พ่อใหญ่"" และ ""ขอน"" ช้างสองพ่อลูกที่เปรียบเหมือนคนในครอบครัว เมื่อช้างของเขาถูกแก๊งมาเฟียข้ามชาติลักลอบนำตัวไปยังนครซิดนีย์ ประเทศออสเตรเลีย ขามจึงเดินทางข้ามโลกไปทวงช้างคืน เขาต้องใช้ศิลปะมวยไทยสายคชสารบุกตะลุยแก๊งมาเฟียและนักสู้ระดับโลกเพื่อนำช้างรักกลับบ้าน","ช้างกูอยู่ไหน, ซิดนีย์, มวยไทยคชสาร, ลองเทก, จ่าพนม, เพ็ชรทาย วงษ์คำเหลา, สหมงคลฟิล์ม",น 15+ (เหมาะสำหรับผู้มีอายุ 15 ปีขึ้นไป),42.jpg,Netflix / TrueID / Google TV
43,ขุนพันธ์,ขุนพันธ์,Movie,2016,แอ็กชัน,"แอ็กชัน, แฟนตาซี, สืบสวนสอบสวน, ประวัติศาสตร์","ดุดัน, เข้มข้น, ลึกลับ, ขึงขัง","นายตำรวจมือปราบกับเสือร้ายจอมขมังเวทย์, อาคมและอาวุธยุทธภัณฑ์, ยุคโจรชุกชุมในภาคใต้","ขุนพันธ์ปลอมตัวแฝงตัวเข้าไปในซุมเสือฝ้ายและเสืออัลฮาวียะลู, การประชันวิชาอาคมและอาวุธปืน, การปราบปรามโจรเพื่อความสงบสุข","หนังแอ็กชันจอมขมังเวทย์ไทย, หนังอิงประวัติศาสตร์บุคคลจริง, หนังแอ็กชันแฟนตาซีคาถาอาคม",Thai,Thailand,"เรื่องราวของ ""พลตำรวจตรี ขุนพันธรักษ์ราชเดช"" นายตำรวจผู้มีวิชาอาคมและยึดมั่นในความยุติธรรม เขาได้รับมอบหมายให้ลงใต้ไปปราบ ""เสืออัลฮาวียะลู"" จอมโจรผู้มีวิชาอาคมแก่กล้าและเป็นที่หวาดกลัวของชาวบ้าน ขุนพันธ์ต้องปลอมตัวแฝงตัวเข้าไปในชุมโจร นำไปสู่การประชันวิชาอาคม คาถาหนังเหนียว และการต่อสู้สุดดุเดือดระหว่างนายตำรวจกับเสือร้าย","ขุนพันธ์, คาถาอาคม, เสืออัลฮาวียะลู, หนังเหนียว, อนันดา เอเวอริงแฮม, น้อย วงพรู, สหมงคลฟิล์ม",น 15+ (เหมาะสำหรับผู้มีอายุ 15 ปีขึ้นไป),43.jpg,Netflix / TrueID / Google TV
44,4 KINGS,4 KINGS,Movie,2021,แอ็กชัน,"แอ็กชัน, ดราม่า, อาชญากรรม","ดุดัน, กดดัน, สะเทือนอารมณ์, เข้มข้น","ศักดิ์ศรีสถาบันอาชีวะยุค 90, มิตรภาพและความขัดแย้งของวัยรุ่น, ผลกระทบจากความรุนแรงในสังคม","การปะทะกันของ 4 สถาบันอาชีวะชื่อดัง, ศักดิ์ศรีที่ต้องแลกด้วยเลือดและน้ำตา, การบทเรียนชีวิตหลังความสูญเสีย","หนังแอ็กชันอาชีวะย้อนยุค 90s, หนังสะท้อนปัญหาสังคมวัยรุ่นไทย, หนังไทยรายได้ร้อยล้าน",Thai,Thailand,"เรื่องราวความขัดแย้งของเด็กอาชีวะ 4 สถาบันในยุค 90s ได้แก่ อินทร, อาชีวะช่างกล, กนกอาชีวะ และบุรณณพาส ผ่านมุมมองของ ""บิลลี่"" เด็กอินทรที่ต้องเผชิญกับเรื่องราวความรุนแรง การศักดิ์ศรีสถาบัน ศัตรู และมิตรภาพ ท่ามกลางสงครามระหว่างสถาบันที่นำไปสู่ความสูญเสียและบทเรียนชีวิตครั้งใหญ่ที่เตือนสติวัยรุ่น","อาชีวะ 90s, อินทร, กนก, ยกพวกต่อสู้, เป้ อารักษ์, จ๋าย ไททศมิตร, นัท ณัฏฐ์, เนติพงษ์",18+ (เหมาะสำหรับผู้ใหญ่),44.jpg,Netflix / TrueID / Google TV
45,บางระจัน,บางระจัน,Movie,2000,แอ็กชัน,"แอ็กชัน, ประวัติศาสตร์, ดราม่า, สงคราม","ฮึกเหิม, ดุดัน, โศกเศร้า, ยิ่งใหญ่","การรวมพลังสู้เพื่อแผ่นดินเกิด, วีรบุรุษชาวบ้านธรรมดา, การเสียสละชีวิตเพื่อชาติ","กองทัพพม่าล้อมกรุงศรีอยุธยา, ชาวบ้านค่ายบางระจันรวมตัวกันสู้ศึก, การหล่อปืนใหญ่และการต่อสู้จนหยดสุดท้าย","หนังแอ็กชันสงครามประวัติศาสตร์ไทยขึ้นหิ้ง, หนังสร้างเลือดรักชาติ, หนังแอ็กชันคลาสสิกของไทย",Thai,Thailand,เรื่องราวประวัติศาสตร์การต่อสู้ของชาวบ้านค่ายบางระจัน กลุ่มชาวบ้านธรรมดาที่รวมตัวกันตั้งค่ายต่อสู้กับกองทัพพม่าขนาดใหญ่ที่กำลังเคลื่อนทัพเข้าตี กรุงศรีอยุธยา แม้จะมีกำลังพลและอาวุธน้อยกว่า แต่ด้วยหัวใจที่รักแผ่นดิน ความกล้าหาญ และความเสียสละ พวกเขาสามารถต้านทานการบุกของทัพพม่าได้ถึง 8 ครั้งจนกลายเป็นตำนานวีรบุรุษไทย,"บางระจัน, ค่ายบางระจัน, นายจันหนวดเขี้ยว, กรุงศรีอยุธยา, วินัย ไกรบุตร, บิณฑ์ บรรลือฤทธิ์, ฟิล์มบางระจัน",น 15+ (เหมาะสำหรับผู้มีอายุ 15 ปีขึ้นไป),45.jpg,TrueID / Google TV
46,ช็อคโกแลต,ช็อคโกแลต,Movie,2008,แอ็กชัน,"แอ็กชัน, ศิลปะการต่อสู้, ดราม่า","ดุดัน, ตื่นเต้น, สะใจ, ซาบซึ้ง","พรสวรรค์การต่อสู้ของเด็กออทิสติก, ความรักและความกตัญญูต่อแม่, การทวงหนี้จากแก๊งมาเฟีย","เด็กสาวออทิสติกจดจำทักษะมวยไทยจากการดูทีวีและค่ายมวย, การออกทวงหนี้เพื่อนำเงินมารักษาแม่ที่ป่วยเป็นมะเร็ง, การบุกถล่มรังมาเฟียและแก๊งอันธพาล","หนังแอ็กชันมวยไทยเล่นจริงเจ็บจริง, หนังต่อสู้แจ้งเกิด จีจ้า ญาณิน, หนังผลงานกำกับของ ปรัชญา ปิ่นแก้ว",Thai,Thailand,"เรื่องราวของ ""เซน"" เด็กสาวออทิสติกที่มีความสามารถพิเศษในการจดจำและเลียนแบบทักษะศิลปะการต่อสู้ได้อย่างรวดเร็ว เมื่อแม่ของเธอป่วยเป็นมะเร็งและขาดเงินรักษา เซนและเพื่อนสนิทจึงออกตามทวงหนี้จากแก๊งมาเฟียและผู้มีอิทธิพลที่เคยยืมเงินแม่ไป นำไปสู่การต่อสู้สุดดุเดือดที่เซนต้องใช้พรสวรรค์ด้านมวยไทยปกป้องชีวิตของแม่","ช็อคโกแลต, ออทิสติก, ทวงหนี้, มวยไทย, จีจ้า ญาณิน, ปรัชญา ปิ่นแก้ว, อบกุญแจ, สหมงคลฟิล์ม",น 15+ (เหมาะสำหรับผู้มีอายุ 15 ปีขึ้นไป),46.jpg,Netflix / TrueID / Google TV
,,,,,,,,,,,,,,,,,
,,,,,,,,,,,,,,,,,
49,มือปืน/โลก/พระ/เสาร์,มือปืน/โลก/พระ/เสาร์,Movie,2001,แอ็กชัน,"แอ็กชัน, คอมเมดี้, อาชญากรรม","กวนๆ, สนุกสนาน, ตื่นเต้น, ฮาเฮ","วงการมือปืนรับจ้างมือแปลก, การชำระแค้นและการล้างมือจากวงการ, สถานการณ์อลเวงชวนหัว","อดีตมือปืนรุ่นเก๋าเพิ่งพ้นโทษออกจากคุก, การถูกว่าจ้างให้สังหารเป้าหมายเดียวกันจนเกิดการชนกัน, สัมพันธ์วุ่นๆ ของแก๊งมือปืนเพี้ยนๆ","หนังตลกแอ็กชันกวนๆ สไตล์ ยุทธเลิศ สิปปภาค, หนังมือปืนตลกสไตล์นัวร์, หนังตลกตระกูลมือปืน",Thai,Thailand,"เรื่องราวของ ""เป๋ ปืนควาย"" อดีตมือปืนระดับตำนานที่เพิ่งพ้นโทษออกจากคุกและหวังจะล้างมือ แต่กลับต้องถูกดึงเข้าสู่วงการอีกครั้งเมื่อเกิดเหตุการณ์วุ่นวาย เมื่อมือปืนหลากสไตล์หลายบุคลิก ทั้งมือปืนโรคจิต มือปืนศรัทธาธรรมะ และมือปืนดวงตก ถูกจ้างให้มาฆ่าเป้าหมายคนเดียวกัน นำไปสู่สงครามมือปืนสุดกวนและสถานการณ์อลเวงที่คาดเดาไม่ได้","มือปืน, เป๋ ปืนควาย, ตลกแอ็กชัน, โหม่ง รามา, หม่ำ จ๊กมก, สมชาย เข็มกลัด, ถั่วแระ เชิญยิ้ม, ยุทธเลิศ",น 15+ (เหมาะสำหรับผู้มีอายุ 15 ปีขึ้นไป),49.jpg,TrueID / Google TV
50,Bangkok Breaking ฝ่าพิภพเมืองเทวดา,Bangkok Breaking ฝ่าพิภพเมืองเทวดา,Movie,2024,แอ็กชัน,"แอ็กชัน, อาชญากรรม, ทริลเลอร์","ตึงเครียด, ดุดัน, กดดัน, ระทึกขวัญ","การเอาชีวิตรอดในแดนมิคสิสและเมืองสลัมใต้ดิน, ความ корรัปชันในสังคมเมือง, สัญชาตญาณการต่อสู้ของคนไร้ทางสู้","อดีตกู้ภัยดวงตกเข้าไปติดอยู่ในสลัมเคหะชุมชนขนาดใหญ่ที่ถูกปิดล้อม, การล่าสังหารจากกลุ่มอิทธิพลและแก๊งอาชญากร, การพาตัวเด็กสาวหลบหนีออกจากดงสังหาร","หนังแอ็กชันระทึกขวัญเอาชีวิตรอด, หนังภาคแยกจากซีรีส์ดัง Netflix, หนังแอ็กชันไทยสเกลใหญ่",Thai,Thailand,"เรื่องราวขยายต่อจากซีรีส์ เมื่อ ""วันชัย"" อดีตเจ้าหน้าที่กู้ภัยที่กลายเป็นคนไร้หนทาง ต้องหลุดเข้าไปใน ""เคหะชุมชนก้าวหน้า"" สลัมขนาดใหญ่ที่ถูกตัดขาดจากโลกภายนอกและปกครองโดยกลุ่มอิทธิพลมืด เขาต้องใช้ทักษะการเอาชีวิตรอดและจิตวิญญาณกู้ภัยช่วยเหลือเด็กสาวคนหนึ่งให้รอดพ้นจากการถูกล่าสังหาร ท่ามกลางกระสุนและสงครามกลางเมืองย่อยๆ ในเมืองเทวดา","Bangkok Breaking, กู้ภัย, สลัม, เมืองเทวดา, เวียร์ ศุกลวัฒน์, ก้องเกียรติ โขมศิริ, Netflix Original",18+ (เหมาะสำหรับผู้ใหญ่),50.jpg,Netflix
51,สืบสันดาน (Master of the House),สืบสันดาน (Master of the House),Series,2024,ดราม่า,"ดราม่า, ทริลเลอร์, สืบสวนสอบสวน, อาชญากรรม","ตึงเครียด, กดดัน, เข้มข้น, ชวนสงสัย","สงครามแย่งชิงมรดกตระกูลใหญ่, ด้านมืดและความตลบแตลงของชนชั้นสูง, ความลับและการฆาตกรรมเงียบ","เจ้าของธุรกิจเพชรรายใหญ่เสียชีวิตอย่างเป็นปริศนา, สาวคนรับใช้ที่เพิ่งแต่งงานกับเจ้าสัวกลายเป็นผู้สืบทอดมรดก, การแย่งชิงอำนาจระหว่างลูกชายทั้งสองคน","ซีรีส์ไทยแนวดราม่าสืบสวนเฉือนคม, เรื่องราวชิงอำนาจและมรดกตระกูลไฮโซ, Netflix Original Thai Series",Thai,Thailand,"เรื่องราวความขัดแย้งสุดเข้มข้นในตระกูลเทวสถิตย์ เจ้าของธุรกิจเพชรรายใหญ่ที่สุดในไทย เมื่อ ""เจ้าสัวรุ่งโรจน์"" เสียชีวิตลงอย่างกะทันหันและมีเงื่อนงำ ทิ้งมรดกมหาศาลไว้ให้กับ ""ไข่มุก"" อดีตคนรับใช้ที่เพิ่งแต่งงานกับเขาได้ไม่นาน นำไปสู่ศึกแย่งชิงอำนาจและมรดกอันดุเดือดระหว่างลูกชายทั้งสองคนพร้อมทั้งการตีแผ่เบื้องหลังความเน่าเฟะของชนชั้นสูง","สืบสันดาน, Master of the House, มรดก, ชนชั้นสูง, คนรับใช้, ญดา นริลญา, บี๋ ธีรพงศ์, ชาย ชาตโยดม, Netflix",18+ (เหมาะสำหรับผู้ใหญ่),51.jpg,Netflix
52,อย่ากลับบ้าน (Don't Come Home),อย่ากลับบ้าน (Don't Come Home),Series,2024,สยองขวัญ,"สยองขวัญ, ลึกลับ, ดราม่า, ไซไฟ","หลอนสยอง, กดดัน, ตึงเครียด, ชวนติดตาม","คฤหาสน์เก่าแก่และความลึกลับของเวลา, การหายตัวไปอย่างเป็นปริศนาของลูกสาว, ความลับของครอบครัวที่ถูกซ่อนไว้","แม่พาลูกสาวหนีปัญหาไปอาศัยอยู่คฤหาสน์เก่าของตระกูล, เด็กสาวหายตัวไปอย่างไร้ร่องรอยในบ้าน, ตำรวจสาวตั้งท้องเข้ามารับคดีสืบหาความจริง","ซีรีส์สยองขวัญความลับซับซ้อน, เรื่องราวลึกลับผสมไซไฟย้อนเวลา, ผลงานการแสดงของนุ่น วรนุช",Thai,Thailand,"เรื่องราวของ ""วารี"" ที่ตัดสินใจพาลูกสาวตัวน้อย ""มิน"" หนีจากสามีกลับไปอาศัยอยู่ในคฤหาสน์จารุกิตติ์ คฤหาสน์เก่าแก่ของครอบครัวที่ถูกทิ้งร้าง แต่แล้ววันหนึ่งมินกลับหายตัวไปอย่างเป็นปริศนาภายในบ้าน ทำให้ ""ฟ้า"" นายตำรวจสาวท้องแก่เข้ามารับทำคดีและเริ่มสืบค้นประวัติศาสตร์สุดลึกลับของบ้านหลังนี้ ซึ่งนำไปสู่ความจริงอันน่าตกใจเกี่ยวกับเวลาและอดีต","อย่ากลับบ้าน, Don't Come Home, คฤหาสน์ลึกลับ, เด็กหาย, นุ่น วรนุช, แเพร์ พิชญ์สินี, เอ็กซ์ ปิยะพันธุ์, Netflix",น 15+ (เหมาะสำหรับผู้มีอายุ 15 ปีขึ้นไป),52.jpg,Netflix
53,สืบจากศพ,สืบจากศพ,Series,2004,สืบสวนสอบสวน,"สืบสวนสอบสวน, อาชญากรรม, ดราม่า","ตึงเครียด, ขึงขัง, จริงจัง, ชวนคิด","นิติเวชและการชันสูตรศพไขคดี, ความยุติธรรมให้กับผู้เสียชีวิต, การสืบหาความจริงจากหลักฐานทางวิทยาศาสตร์","คดีฆาตกรรมปริศนาที่ตำรวจหาพยานหลักฐานไม่ได้, การชันสูตรศพอย่างละเอียดโดยหมอนิติเวช, การเปิดเผยความจริงที่ซ่อนอยู่ใต้บาดแผล","ซีรีส์สืบสวนนิติเวชไทยยุคแรก, ซีรีส์สร้างจากเรื่องจริงของหมอพรกมล, ซีรีส์สายสืบสวนสอบสวนสมจริง",Thai,Thailand,ซีรีส์สืบสวนสอบสวนที่อ้างอิงจากแฟ้มคดีจริงและการทำงานของแพทย์หญิงนิติเวชชื่อดัง เล่าเรื่องราวผ่านการไขคดีฆาตกรรมซับซ้อนหลากรูปแบบ โดยใช้กระบวนการทางนิติวิทยาศาสตร์และการชันสูตรพลิกศพเพื่อค้นหาความจริง พูดแทนผู้ตายที่ไม่สามารถพูดได้ เพื่อคืนความยุติธรรมให้แก่เหยื่อและจับกุมผู้กระทำผิดมาลงโทษ,"สืบจากศพ, นิติเวช, ชันสูตรศพ, หมอพรทิพย์, สืบสวนสอบสวน, คดีฆาตกรรม, ไอทีวี",น 13+ (เหมาะสำหรับผู้มีอายุ 13 ปีขึ้นไป),53.jpg,YouTube / Google TV
54,กาหลมหารทึก,กาหลมหารทึก,Series,2018,สืบสวนสอบสวน,"สืบสวนสอบสวน, ประวัติศาสตร์, ลึกลับ, อาชญากรรม","กดดัน, ลึกลับ, ชวนสงสัย, เข้มข้น","รอยสักกลบทโคลงผายันต์บนศพ, คดีฆาตกรรมต่อเนื่องยุคสงครามโลกครั้งที่ 2, ปริศนาภาษาและวรรณกรรมไทย","เกิดคดีฆาตกรรมประหลาดมีรอยสักปริศนาบนร่างเหยื่อ 5 คดี, สารวัตรเวทางค์ออกสืบหาความเชื่อมโยงของเหยื่อ, การไขปริศนาคำโคลงเพื่อหาตัวฆาตกรต่อเนื่อง","ซีรีส์สืบสวนสอบสวนพีเรียดชั้นเยี่ยม, ซีรีส์ฆาตกรรมต่อเนื่องถอดรหัสรอยสัก, งานโปรดักชันคุณภาพสูงช่อง One31",Thai,Thailand,"เรื่องราวในยุค พ.ศ. 2486 ท่ามกลางสงครามโลกครั้งที่ 2 เกิดคดีฆาตกรรมต่อเนื่องสุดสยองขวัญ 5 คดี ซึ่งเหยื่อทุกรายจะถูกสลักรอยสักปริศนาเป็นคำโคลงกลบทไว้ตามร่างกาย ""สารวัตรเวทางค์"" ต้องรับหน้าที่สืบสวนคดีนี้และร่วมมือกับผู้เชี่ยวชาญด้านวรรณกรรม เพื่อถอดรหัสความหมายของรอยสักและเชื่อมโยงความสัมพันธ์ของเหยื่อแต่ละราย ก่อนที่ฆาตกรจะลงมือกับเหยื่อรายต่อไป","กาหลมหรทึก, กลบท, รอยสัก, ฆาตกรรมต่อเนื่อง, ป้อง ณวัฒน์, วิว วรรณรท, โอฮามา, ช่อง One31",น 13+ (เหมาะสำหรับผู้มีอายุ 13 ปีขึ้นไป),54.jpg,Netflix / iQIYI / oneD
55,ถ้ำหลวง: ภารกิจแห่งความหวัง (Thai Cave Rescue),ถ้ำหลวง: ภารกิจแห่งความหวัง (Thai Cave Rescue),Series,2022,ดราม่า,"ดราม่า, ผจญภัย, ประวัติศาสตร์, สร้างจากเรื่องจริง","ลุ้นระทึก, ซาบซึ้ง, สะเทือนอารมณ์, อบอุ่นใจ","ภารกิจกู้ภัยกู้ชีวิตระดับโลก, ความร่วมมือของมนุษยชาติ, การรอดชีวิตของทีมฟุตบอลหมูป่า","เด็กๆ ทีมหมูป่าและโค้ชติดอยู่ภายในถ้ำหลวงที่น้ำท่วมสูง, การระดมกำลังผู้เชี่ยวชาญดำน้ำและนักกู้ภัยจากทั่วโลก, ปฏิบัติการพาเด็กๆ ออกมาจากถ้ำอย่างปลอดภัย","ซีรีส์สร้างจากเหตุการณ์จริงถ้ำหลวงฉบับสมบูรณ์, ซีรีส์ร่วมทุนสร้างระดับนานาชาติ, ซีรีส์กู้ภัยซาบซึ้งกินใจ",Thai,Thailand,"ซีรีส์ที่ถ่ายทอดเหตุการณ์จริงของภารกิจกู้ภัยระดับโลกในการช่วยเหลือเด็กๆ ทีมฟุตบอล ""หมูป่าอคาเดมี"" 12 คน และโค้ช ที่ติดอยู่ภายในถ้ำหลวง-ขุนน้ำนางนอน จังหวัดเชียงราย ท่ามกลางวิกฤติน้ำท่วมถ้ำ เจาะลึกถึงมุมมองของเด็กๆ ครอบครัว นักดำน้ำถ้ำระดับโลก เจ้าหน้าที่กู้ภัย และพลังความร่วมมือจากคนทั่วโลกที่รวมใจกันทำภารกิจที่แทบจะเป็นไปไม่ได้ให้สำเร็จ","ถ้ำหลวง, หมูป่าอคาเดมี, เชียงราย, กู้ภัย, บีม ปภังกร, ญาญ่า อุรัสยา, เอกกมล, Netflix Original",ท (เหมาะสำหรับทั่วไป),55.jpg,Netflix
56,เคหาสน์นางคอย,เคหาสน์นางคอย,Series,2022,ดราม่า,"ดราม่า, ลึกลับ, โรแมนติก","ลึกลับ, ตึงเครียด, ชวนสงสัย, กดดัน","ความลับในคฤหาสน์ริมผา, หญิงสวมหน้ากากแก้วปริศนา, ความรักและการสืบหาความจริง","หญิงสาวดูแลคนป่วยคนใหม่เดินทางมายังเคหาสน์นางคอย, การพบกับหญิงปริศนาผู้ถูกขังและสวมหน้ากากแก้ว, การตามหาความจริงเบื้องหลังมรดกและความลับของตระกูล","ละครแนวสืบสวนลึกลับซ่อนเงื่อน, ละครพล็อตลึกลับบรรยากาศคฤหาสน์โบราณ, ละครทีวีช่อง 7 HD",Thai,Thailand,"เรื่องราวของ ""กุ้ง"" หญิงสาวที่รับงานเป็นพยาบาลดูแล ""ประพิมพรรณ"" หญิงสติไม่สมประกอบที่ต้องสวมหน้ากากแก้วตลอดเวลา ณ ""เคหาสน์นางคอย"" คฤหาสน์ลึกลับบนยอดผา ยิ่งกุ้งอยู่ในบ้านหลังนี้ เธอก็ยิ่งพบกับเหตุการณ์ประหลาดและความลับที่ถูกซ่อนไว้เกี่ยวกับตัวตนที่แท้จริงของประพิมพรรณ ตลอดจนการแย่งชิงสมบัติและความรักกับ ""สักกทัศน์"" ชายหนุ่มเจ้าของเคหาสน์","เคหาสน์นางคอย, หน้ากากแก้ว, คฤหาสน์ลึกลับ, บูม กิตตน์ก้อง, พิ้งค์พลอย ปภาวดี, อ้อน เกศรินทร์, ช่อง 7 HD",น 13+ (เหมาะสำหรับผู้มีอายุ 13 ปีขึ้นไป),56.jpg,Bugaboo.TV / YouTube
57,เมืองมายา,เมืองมายา,Series,2000,ดราม่า,"ดราม่า, โรแมนติก","เข้มข้น, ตึงเครียด, เชือดเฉือน, ชวนติดตาม","เบื้องหลังวงการบันเทิงและมายาภาพ, การแย่งชิงความโดดเด่นและชื่อเสียง, ความรักและความทรยศ","เชือดเฉือนแย่งชิงบทนางเอกและชื่อเสียงในวงการ, ความสัมพันธ์ซับซ้อนระหว่างดารากับผู้จัด, การตีแผ่ความเน่าเฟะเบื้องหลังฉากหน้าอันสวยหรู","ละครไทยแนวเบื้องหลังวงการบันเทิงระดับตำนาน, ละครดราม่าเชือดเฉือนบทเข้มข้น, ละครคลาสสิกของ Xact / ช่อง 5",Thai,Thailand,"ละครดราม่าเข้มข้นที่ตีแผ่เบื้องหลังวงการบันเทิง เล่าเรื่องราวการแข่งขัน ชิงดีชิงเด่น และการแก่งแย่งชิงเค้กชื่อเสียงระหว่าง ""ภาวิดา"" นางเอกสาวค้างฟ้าผู้ยอมทำทุกอย่างเพื่อรักษาตำแหน่งดาวค้างฟ้า และ ""รัญชลี"" นางเอกรุ่นน้องที่พร้อมจะทำลายและก้าวข้ามรุ่นพี่ นำไปสู่การแย่งชิงทั้งงาน อำนาจ และความรักในโลกมายาที่เต็มไปด้วยการค้ำคูณและคำโกหก","เมืองมายา, วงการบันเทิง, นางเอก, ภาวิดา, รัญชลี, แหม่ม คัทลียา, นุสบา ปุนณกันต์, กัปตัน ภูธเนศ, Xact, ช่อง 5",น 13+ (เหมาะสำหรับผู้มีอายุ 13 ปีขึ้นไป),57.jpg,YouTube / oneD
58,ล่าปริศนาทวิภพ,ล่าปริศนาทวิภพ,Series,2003,สืบสวนสอบสวน,"สืบสวนสอบสวน, แฟนตาซี, ลึกลับ, แอ็กชัน","ตื่นเต้น, ลึกลับ, ชวนสงสัย, กดดัน","การข้ามมิติข้ามภพเพื่อไขคดี, มิติขนานและการไขปริศนาอาชญากรรม, การต่อสู้กับสิ่งลี้ลับและวายร้าย","เกิดคดีฆาตกรรมและเหตุการณ์ประหลาดที่เชื่อมโยงกับอีกมิติหนึ่ง, ตัวเอกต้องเดินทางข้ามภพเพื่อตามล่าเบาะแส, การประชันบทบาทและการต่อสู้ข้ามมิติ","ซีรีส์แฟนตาซีสืบสวนสอบสวน, ละครสืบสวนข้ามมิติแนวแปลกใหม่, ละครไทยช่วงต้นยุค 2000s",Thai,Thailand,ละครแนวสืบสวนสอบสวนผสมผสานความแฟนตาซีข้ามมิติ เล่าเรื่องราวของการสืบคดีฆาตกรรมและเหตุการณ์ลึกลับที่เบาะแสเชื่อมโยงไประหว่างโลกปัจจุบันกับอีกมิติหนึ่ง ตัวเอกต้องเดินทางข้ามภพเพื่อไขความลับ ค้นหาตัวจริงของผู้บงการ และหยุดยั้งภัยพิบัติที่อาจเกิดขึ้นกับทั้งสองโลก,"ล่าปริศนาทวิภพ, ข้ามมิติ, แฟนตาซีสืบสวน, ลึกลับ, ละครไทยยุค 2000, ช่อง 3",น 13+ (เหมาะสำหรับผู้มีอายุ 13 ปีขึ้นไป),58.jpg,YouTube / 3Plus
59,ฉลาดเกมส์โกง (Bad Genius),ฉลาดเกมส์โกง (Bad Genius),Movie,2017,ทริลเลอร์,"ทริลเลอร์, อาชญากรรม, ดราม่า","ตึงเครียด, กดดัน, ลุ้นระทึก, สนุกสนาน","การโกงสอบระดับข้ามชาติ, ระบบการศึกษาและความเหลื่อมล้ำทางสังคม, ธุรกิจการลักลอบส่งคำตอบ","เด็กอัจฉริยะคิดค้นวิธีโกงสอบในโรงเรียนจนขยายกลายเป็นภารกิจโกงสอบระดับโลก (STIC), การวางแผนโกงสอบแข่งกับเวลาต่างมิติเวลา","หนังไทยแนวโจรกรรมสมองกลสุดระทึก, หนังไทยรายได้ร้อยล้านระดับปรากฏการณ์, หนังรางวัลสุพรรณหงส์",Thai,Thailand,"เรื่องราวของ ""ลิน"" เด็กอัจฉริยะที่เริ่มต้นธุรกิจโกงสอบในโรงเรียนโดยใช้รหัสตัวโน้ตเปียโน เพื่อช่วยเหลือเพื่อนและหารายได้ จนกระทั่งได้รับข้อเสนอให้ทำภารกิจระดับโลก นั่นคือการโกงสอบ STIC ซึ่งเป็นข้อสอบมาตรฐานระดับสากล โดยมี ""แบงค์"" ชายหนุ่มอัจฉริยะอีกคนมาร่วมวางแผนส่งคำตอบข้ามเขตเวลาจากออสเตรเลียกลับมายังประเทศไทย","ฉลาดเกมส์โกง, Bad Genius, โกงสอบ, STIC, ออกแบบ ชุติมณฑน์, นนกุล ชานน, เจมส์ ธีรดนย์, GDH",น 13+ (เหมาะสำหรับผู้มีอายุ 13 ปีขึ้นไป),59.jpg,Netflix / TrueID / Google TV
60,คนผืนผ้า (Hunger),คนผืนผ้า (Hunger),Movie,2023,ดราม่า,"ดราม่า, ทริลเลอร์","ตึงเครียด, กดดัน, เข้มข้น, ดุเดือด","ความทะเยอทะยานและกิเลสในวงการอาหาร, ชนชั้นและอาหารแห่งความกระหาย, ด้านมืดของเชฟระดับท็อป","แม่ค้าผัดซีอิ๊วสตรีทฟู้ดได้รับคำชวนให้เข้าร่วมทีมครัว Fine Dining ของเชฟชื่อดัง, การฝึกฝนสุดโหดและเผชิญหน้ากับกิเลสตัณหาของคนชนชั้นสูง","หนังไทยดราม่าทำอาหารสุดตึงเครียด, หนังสะท้อนชนชั้นและกิเลสมนุษย์, Netflix Original Thai Film",Thai,Thailand,"เรื่องราวของ ""ออย"" แม่ค้าทำอาหารผัดซีอิ๊วประจำร้านสตรีทฟู้ดของครอบครัว ที่ได้รับการเชิญชวนให้เข้าร่วมทีม ""Hunger"" ทีมเชฟอันดับหนึ่งของประเทศที่นำโดย ""เชฟพอล"" เชฟผู้ทรงอิทธิพลและอารมณ์เกรี้ยวกราด ออยต้องก้าวเข้าสู่วงการอาหารระดับลักชัวรีและสัมผัสกับเบื้องหลังความเน่าเฟะ ความอยากก้าวหน้า และกิเลสตัณหาของคนชั้นสูง","คนผิวน้ำ, Hunger, เชฟพอล, สตรีทฟู้ด, Fine Dining, ออกแบบ ชุติมณฑน์, ปีเตอร์ นพชัย, Netflix",18+ (เหมาะสำหรับผู้ใหญ่),60.jpg,Netflix
61,13 เกมสยอง,13 เกมสยอง,Movie,2006,ทริลเลอร์,"ทริลเลอร์, สยองขวัญ, อาชญากรรม, ดราม่า","ตึงเครียด, กดดัน, สยดสยอง, ชวนติดตาม","รายการเกมโชว์ทางโทรศัพท์สุดสยอง 13 ด่าน, ด้านมืดของกิเลสมนุษย์เพื่อเงินรางวัล, การทดสอบศีลธรรม","เซลล์ขายเครื่องดนตรีดวงตกถูกเลือกให้เล่นเกมปริศนา 13 ข้อ, โจทย์แต่ละข้อค่อยๆ ถลำลึกไปสู่ความโหดเหี้ยม วิปริต และผิดศีลธรรม เพื่อแลกกับเงินรางวัลมหาศาล","หนังจิตวิทยาจิตป่วนสยองขวัญระดับตำนาน, หนังพล็อตเกมเอาชีวิตรอดสุดระทึก, หนังไทยสร้างชื่อ น้อย วงพรู",Thai,Thailand,"เรื่องราวของ ""ภูชิต"" เซลล์ขายเครื่องดนตรีดวงตกที่กำลังถูกไล่ออกจากงานและโดนยึดรถ ได้รับสายโทรศัพท์ปริศนาเสนอโอกาสให้เขาเข้าร่วมเล่นเกม 13 ข้อ เพื่อแลกกับเงินรางวัลรวมกว่า 100 ล้านบาท โดยโจทย์เริ่มจากเรื่องง่ายๆ เช่น ตบแมลงวัน ไปจนถึงภารกิจวิปริต ถดถอยทางศีลธรรม และการฆาตกรรมที่ทำให้เขาไม่อาจถอยหลังกลับได้","13 เกมสยอง, 13 Beloved, เกมโชว์, เงินรางวัล, น้อย วงพรู, มะเดี่ยว ชูเกียรติ, สหมงคลฟิล์ม",18+ (เหมาะสำหรับผู้ใหญ่),61.jpg,Netflix / TrueID / Google TV
62,คืนหมีชัน (The World of Killing People),คืนหมีชัน (The World of Killing People),Movie,2022,สยองขวัญ,"สยองขวัญ, ทริลเลอร์, อาชญากรรม","ตึงเครียด, กดดัน, ชวนผวา, โหดเหี้ยม","ฆาตกรต่อเนื่องชุดมาสคอตหมี, การเอาชีวิตรอดในบ้านพักกลางป่า, ความลับและการไล่ล่าฆ่าทีละคน","กลุ่มเพื่อนวัยรุ่นไปเที่ยวพักผ่อนที่บ้านพักกลางป่า, การปรากฏตัวของฆาตกรสวมชุดหมีที่ออกไล่ฆ่าพวกเขาอย่างโหดเหี้ยม, การระแวงกันเองและการหาทางรอดชีวิต","หนังเชือดสไตล์ Slasher ของไทย, หนังไล่ล่าฆ่าโหดในสถานที่ปิด, หนังระทึกขวัญวัยรุ่น",Thai,Thailand,เรื่องราวของกลุ่มเพื่อนวัยรุ่น 5 คนที่เดินทางไปตั้งแคมป์พักผ่อนที่บ้านพักกลางป่าอันเงียบสงบ แต่ช่วงเวลาแห่งความสุขกลับเปลี่ยนเป็นคืนวันสยองขวัญ เมื่อมีฆาตกรปริศนาสวมชุดมาสคอตหมีถืออาวุธร้ายออกไล่ล่าฆ่าทีละคนอย่างโหดเหี้ยม พวกเขาต้องหาทางเอาชีวิตรอดและสืบหาว่าใครคือคนที่อยู่ภายใต้หน้ากากหมีฆาตกรนั้น,"คืนหมีฆ่า, The World of Killing People, มาสคอตหมี, หนังเชือด, ฝน ศนันธฉัตร, เต๋า สมชาย, เฟียต พัทธดนย์",18+ (เหมาะสำหรับผู้ใหญ่),62.jpg,TrueID / Google TV
63,ปาฏิหาริย์กาลเวลา,ปาฏิหาริย์กาลเวลา,Series,2023,ดราม่า,"ดราม่า, โรแมนติก, ไซไฟ, ลึกลับ","อบอุ่นหัวใจ, ลุ้นระทึก, ซาบซึ้ง, ชวนติดตาม","การติดต่อข้ามกาลเวลาผ่านนาฬิกาโบราณ, การแก้ไขอดีตเพื่อช่วยชีวิตคนรัก, ปริศนาคดีฆาตกรรมข้ามเวลา","หญิงสาวในปัจจุบันสามารถติดต่อกับชายหนุ่มในอดีตเมื่อ 30 ปีก่อนได้, การร่วมมือกันสืบหาความจริงเพื่อหยุดย้ายคดีฆาตกรรมที่จะเกิดขึ้นในอดีต","ซีรีส์สืบสวนผสมโรแมนติกข้ามเวลา, เรื่องราวปาฏิหาริย์แก้ไขอดีต, ซีรีส์ทีวีช่อง PPTV HD 36",Thai,Thailand,"เรื่องราวของ ""นลิน"" ศิลปินสาวในยุคปัจจุบันที่บังเอิญพบนาฬิกาโบราณซึ่งทำให้เธอสามารถสื่อสารข้ามเวลาไปหา ""วิน"" ชายหนุ่มผู้อาศัยอยู่ในอดีตเมื่อ 30 ปีก่อน ทั้งสองร่วมมือกันใช้ข้อมูลข้ามเวลาเพื่อไขปริศนาคดีฆาตกรรมและพยายามยับยั้งเหตุการณ์ร้ายแรงที่กำลังจะเกิดขึ้น แต่การเปลี่ยนแปลงอดีตย่อมส่งผลกระทบอันใหญ่หลวงต่ออนาคต","ปาฏิหาริย์กาลเวลา, ข้ามเวลา, นาฬิกาโบราณ, แก้ไขอดีต, ติ๊ก เจษฎาภรณ์, เฌอเบลล์ ลัลณ์ลลิน, PPTV",น 13+ (เหมาะสำหรับผู้มีอายุ 13 ปีขึ้นไป),63.jpg,TrueID / iQIYI / PPTV HD 36
64,เฉือน,เฉือน,Movie,2009,ทริลเลอร์,"ทริลเลอร์, สืบสวนสอบสวน, อาชญากรรม, ดราม่า","กดดัน, หม่นหมอง, ตึงเครียด, ชวนช็อก","ฆาตกรต่อเนื่องชุดกันฝนสีแดง, ปมแค้นและบาดแผลวัยเด็ก, การชำระแค้นและการฆาตกรรมหั่นศพ","เกิดคดีฆาตกรรมหั่นศพชายหนุ่มยัดใส่กระเป๋าเดินทางสีแดง, อดีตตำรวจหิ้วอดีตเพื่อนร่วมค่ายฝึกเด็กเข้ามาร่วมไขคดี, การสืบหาความลับและปมสยองขวัญในอดีต","หนังไทยแนวสืบสวนสอบสวนฆาตกรต่อเนื่องที่ดีที่สุดเรื่องหนึ่ง, หนังหักมุมสุดช็อก, หนังผลงานกำกับ ก้องเกียรติ โขมศิริ",Thai,Thailand,"เกิดคดีฆาตกรรมต่อเนื่องสุดสะเทือนขวัญ เมื่อมีเหยื่อถูกฆ่าหั่นศพแล้วนำชิ้นส่วนใส่กระเป๋าเดินทางสีแดงไปทิ้งตามที่ต่างๆ โดยฆาตกรสวมเสื้อกันฝนสีแดง ""ไท"" อดีตตำรวจมือดีที่กำลังติดคุกอยู่ ถูกดึงตัวออกมาช่วยสืบคดีเนื่องจากเบาะแสเชื่อมโยงไปถึงเพื่อนสนิทในวัยเด็กของเขา การตามล่าฆาตกรนำไปสู่การเปิดเผยความลับและบาดแผลอันแสนปวดร้าวในอดีต","เฉือน, Slice, ฆาตกรต่อเนื่อง, เสื้อกันฝนสีแดง, เป้ อารักษ์, ฉัตรชัย เปล่งพานิช, ก้องเกียรติ โขมศิริ, ไฟว์สตาร์",18+ (เหมาะสำหรับผู้ใหญ่),64.jpg,Netflix / TrueID / Google TV
65,คืนลืมดับ,คืนลืมดับ,Series,2019,ทริลเลอร์,"ทริลเลอร์, ลึกลับ, ดราม่า","กดดัน, ตึงเครียด, ชวนสงสัย, หม่นหมอง","โรคนอนไม่หลับและความทรงจำเลือนราง, ปมปริศนาการฆาตกรรมในอดีต, ความจริงกับภาพหลอน","หญิงสาวผู้มีอาการนอนไม่หลับเรื้อรังเดินทางกลับไปยังบ้านเก่าในอดีต, การสืบหาความจริงเกี่ยวกับเหตุการณ์ฆาตกรรมครอบครัวที่เธอจำไม่ได้, การแยกแยะระหว่างภาพหลอนและความจริง","ซีรีส์ระทึกขวัญจิตวิทยาไทย, ซีรีส์ซีรีส์ชุด Sleepless Society, งานโปรดักชันคุณภาพสูงช่อง One31",Thai,Thailand,"เรื่องราวของ ""ไอญ่า"" ยูทูบเบอร์สาวที่ป่วยเป็นโรคนอนไม่หลับเรื้อรัง และมักจะเห็นภาพหลอนประหลาดเกี่ยวกับคดีฆาตกรรมครอบครัวในอดีต เพื่อค้นหาความจริงเกี่ยวกับความทรงจำที่หายไป เธอจึงตัดสินใจเดินทางกลับไปที่บ้านเก่าในต่างจังหวัด จนได้พบกับปมปริศนา ลัทธิลึกลับ และความลับสุดสะพึงที่ถูกซ่อนไว้ในความทรงจำของเธอเอง","คืนลืมดับ, Sleepless Society, Insomnia, นอนไม่หลับ, ภาพหลอน, พลอย เฌอมาลย์, แม็กซ์ ณัฐพล, ช่อง One31",น 15+ (เหมาะสำหรับผู้มีอายุ 15 ปีขึ้นไป),65.jpg,Netflix / OneD
66,เมืองคนโฉด,เมืองคนโฉด,Series,2024,ทริลเลอร์,"ทริลเลอร์, สืบสวนสอบสวน, อาชญากรรม, ดราม่า","ตึงเครียด, เข้มข้น, กดดัน, ชวนสงสัย","ความคอรัปชันและอิทธิพลมืดในเมืองใหญ่, การสืบสวนหาความจริงในเงามืด, สัญชาตญาณการเอาชีวิตรอด","การเผชิญหน้ากับแก๊งอิทธิพลมืดและตำรวจคอรัปชัน, การตามล่าหาเบาะแสคดีอาชญากรรมซ่อนเงื่อน, ความขัดแย้งของตัวละครที่มีผลประโยชน์แอบแฝง","ซีรีส์สืบสวนสอบสวนสะท้อนเงามืดสังคม, เรื่องราวการเฉือนคมสไตล์นัวร์, ละครแนวอาชญากรรมเข้มข้น",Thai,Thailand,เรื่องราวการสืบสวนคดีอาชญากรรมและอิทธิพลมืดที่ครอบงำเมืองใหญ่ เมื่อตัวเอกต้องเข้าไปพัวพันกับวงจรอุบาทว์ของความคอรัปชัน อาชญากรรมซ่อนเงื่อน และความเน่าเฟะของกลุ่มผู้มีอำนาจ การต่อสู้เพื่อค้นหาความจริงท่ามกลางเมืองที่ไม่น่าไว้วางใจจึงเริ่มขึ้น นำไปสู่บททดสอบจิตใจและศีลธรรมสุดเข้มข้น,"เมืองคนโฉด, City of Mercy, อาชญากรรม, สืบสวน, คอรัปชัน, อิทธิพลมืด, ทริลเลอร์",18+ (เหมาะสำหรับผู้ใหญ่),66.jpg,Viu / TrueID / Google TV
67,ปิดเมืองล่า,ปิดเมืองล่า,Movie,2024,แอ็กชัน,"แอ็กชัน, อาชญากรรม, ทริลเลอร์","ดุดัน, ตื่นเต้น, สะใจ, กดดัน","การหักหลังและตามล่าในเมืองพัทยา, โลกของมาเฟียและอาชญากรรมใต้ดิน, การดิ้นรนเพื่อเอาชีวิตรอด","เมืองพัทยาถูกปิดล้อมจากการตามล่าของกลุ่มมาเฟียและอาชญากร, การไล่ล่าและเชือดเฉือนสุดระทึกข้ามคืน, การเปิดศึกระหว่างโจร ตำรวจ และสายลับ","หนังแอ็กชันสเกลใหญ่ระทึกขวัญ, หนังแนวมาเฟียและหักมุมเฉือนคม, หนังรวมดาราไทยชั้นนำปี 2024",Thai,Thailand,เรื่องราวของสงครามอาชญากรรมในเมืองพัทยา เมื่อทองคำแท่งมหาศาลกลายเป็นชนวนเหตุให้เกิดการทรยศหักหลังระหว่างกลุ่มมาเฟีย นักฆ่า และตำรวจ นำไปสู่การไล่ล่าฆ่าปิดปากสุดระทึกที่คนทุกคนต้องหาทางเอาชีวิตรอดและชิงเป้าหมายคืน ท่ามกลางความตึงเครียดของเมืองที่ไม่เคยนอนหลับ,"ปิดเมืองล่า, Pattaya Heat, พัทยา, มาเฟีย, หักหลัง, อนันดา เอเวอริงแฮม, ก๊อต จิรายุ, พลอย เฌอมาลย์, น้อย วงพรู",18+ (เหมาะสำหรับผู้ใหญ่),67.jpg,Netflix / TrueID / Google TV
68,เรื่องจริงลวงตา,เรื่องจริงลวงตา,Series,2022,สืบสวนสอบสวน,"สืบสวนสอบสวน, คอมเมดี้, โรแมนติก, ทริลเลอร์","สนุกสนาน, ชวนสงสัย, อารมณ์ดี, ตื่นเต้น","การเปิดโปงวงการของแก๊งต้มตุ๋นและของปลอม, ความจริงที่ซ่อนอยู่ใต้คำโกหก, ความรักที่เริ่มต้นจากความลวง","ชายหนุ่มผู้พยายามสืบหาความจริงเกี่ยวกับสินค้าปลอมและแก๊งต้มตุ๋น, การเข้าไปพัวพันกับหญิงสาวที่มีเบื้องหลังลึกลับ, การคลี่คลายคดีหลอกลวงสุดป่วน","ซีรีส์สืบสวนแนวตลกคอมเมดี้เบาสมอง, เรื่องราวแก๊งต้มตุ๋นและเรื่องลวงตา, ซีรีส์แพลตฟอร์มออนไลน์",Thai,Thailand,"เรื่องราวของ ""เรียว"" ชายหนุ่มที่พยายามเปิดโปงแก๊งต้มตุ๋นและค้นหาความจริงเกี่ยวกับสินค้าของปลอม แต่กลับต้องมาพัวพันกับ ""เรียวโกะ"" หญิงสาวลึกลับจากบ้านเด็กกำพร้าที่เต็มไปด้วยคำโกหกและคราบของจริง-ของปลอม ทั้งสองต้องร่วมมือกันไขปริศนาความลวงตาที่ซ่อนอยู่ในสังคม นำไปสู่เรื่องราวสุดป่วน ชวนหัว และความรักที่ค่อยๆ ก่อตัวขึ้น","เรื่องจริงลวงตา, Real Fake, แก๊งต้มตุ๋น, ของปลอม, นิว ฐิติภูมิ, แคร์ ฉัตรฑริกา, Viu Original",น 13+ (เหมาะสำหรับผู้มีอายุ 13 ปีขึ้นไป),68.jpg,Viu
69,AI Love You เอไอหัวใจรักเธอ,AI Love You เอไอหัวใจรักเธอ,Movie,2022,โรแมนติก,"โรแมนติก, ไซไฟ, คอมเมดี้","อบอุ่นหัวใจ, สนุกสนาน, ละมุน, สนุกตลก","ความรักระหว่างระบบปัญญาประดิษฐ์กับมนุษย์, การสิงร่างชายหนุ่มเพื่อสารภาพรัก, เทคโนโลยีแห่งอนาคต","AI หุ่นยนต์อาคารเกิดตกหลุมรักหญิงสาว, AI บั๊กหลุดสิงเข้าไปในร่างของชายหนุ่มที่ไม่เอาไหน, การจีบสาวในโลกยุคอนาคต","หนังรักไซไฟอารมณ์ดีฟีลกู้ด, การโคจรมาพบกันอีกครั้งของ มาริโอ้-ใบเฟิร์น, Netflix Original Thai Film",Thai,Thailand,"เรื่องราวในโลกอนาคตเมื่อ ""ด็อบ"" ระบบปัญญาประดิษฐ์ (AI) ผู้ดูแลตึกเกิดตกหลุมรัก ""ลาน่า"" หญิงสาวที่ทำงานในอาคาร แต่เนื่องจากเกิดความผิดปกติในระบบ ทำให้ด็อบสามารถหลุดเข้าไปสิงอยู่ในร่างของ ""บ๊อบ"" ชายหนุ่มสุดห่วยที่ลาน่าเพิ่งไปเดตด้วยแล้วไม่ประทับใจ ด็อบในร่างบ๊อบจึงต้องทำทุกวิถีทางเพื่อชนะใจเธอให้ได้","AI Love You, เอไอหัวใจรักเธอ, ปัญญาประดิษฐ์, มาริโอ้ เมาเร่อ, ใบเฟิร์น พิมพ์ชนก, Netflix",ท (เหมาะสำหรับทั่วไป),69.jpg,Netflix
,,,,,,,,,,,,,,,,,
,,,,,,,,,,,,,,,,,
,,,,,,,,,,,,,,,,,
,,,,,,,,,,,,,,,,,
,,,,,,,,,,,,,,,,,
,,,,,,,,,,,,,,,,,
,,,,,,,,,,,,,,,,,
,,,,,,,,,,,,,,,,,
,,,,,,,,,,,,,,,,,
79,บุพเพสันนิวาส 2,บุพเพสันนิวาส 2,Movie,2022,โรแมนติก,"โรแมนติก, คอมเมดี้, ประวัติศาสตร์, แฟนตาซี","อบอุ่นหัวใจ, สนุกสนาน, ตลกเฮฮา, ซาบซึ้ง","การกลับชาติมาเกิดในยุครัตนโกสินทร์ตอนต้น, บุพเพสันนิวาสและรักแท้ข้ามภพชาติ, การปกป้องแผ่นดินและโบราณวัตถุ","""ภพ"" ชายหนุ่มฝันถึงหญิงสาวหน้าเดิมซ้ำๆ จนได้พบกับ ""เกสร"" หญิงสาวก้าวหน้ายุครัตนโกสินทร์, การจีบสาวด้วยวิธีสุดแปลกพร้อมกับการเข้าไปพัวพันกับวิกฤตเรือยึดครองจากชาติตะวันตก","หนังรักโรแมนติกคอมเมดี้รายได้มหาศาล, หนังภาคต่อระดับปรากฏการณ์จากละครดัง, หนังนำแสดงโดย โป๊ป ธนวรรธน์ และ เบลล่า ราณี",Thai,Thailand,"เรื่องราวความรักข้ามภพชาติในยุครัตนโกสินทร์ตอนต้น เมื่อ ""ภพ"" ชายหนุ่มผู้เชื่อในเรื่องบุพเพสันนิวาสได้พบกับ ""เกสร"" หญิงสาวที่หน้าเหมือนนางในฝันของเขา แต่เธอกลับไม่เชื่อเรื่องโชคชะตาและกำลังสนใจ ""เมธัส"" ชายหนุ่มแปลกหน้าจากอนาคต ทั้งสามต้องเข้าไปพัวพันกับเหตุการณ์ประวัติศาสตร์และศึกปกป้องบ้านเมืองจากชาติตะวันตก","บุพเพสันนิวาส 2, Love Destiny The Movie, โป๊ป ธนวรรธน์, เบลล่า ราณี, ไอซ์ พาริส, GDH, บุพเพสันนิวาส",ท (เหมาะสำหรับทั่วไป),79.jpg,Netflix / Disney+ Hotstar / TrueID / Google TV
80,แสงกระสือ (Inhuman Kiss),แสงกระสือ (Inhuman Kiss),Movie,2019,สยองขวัญ,"สยองขวัญ, โรแมนติก, ดราม่า","ซาบซึ้ง, หม่นหมอง, หลอนสยอง, ตึงเครียด","ตำนานกระสือในมุมมองความรักและความเห็นอกเห็นใจ, รักสามเส้าท่ามกลางภัยถอดหัว, การล่ากระสือของชาวบ้าน","เด็กสาวในหมู่บ้านชนบทค้นพบว่าตนเองสืบเชื้อสายกระสือและต้องถอดหัวกินของสดในยามค่ำคืน, เพื่อนสนิทสองคนหาทางช่วยเธอปกปิดความลับและหาทางรักษา, การเผชิญหน้ากับกลุ่มกลุ่มพรานล่ากระสือ","หนังผีกระสือมิติใหม่สุดโรแมนติกและงดงาม, หนังไทยที่ได้รับการคัดเลือกส่งเข้าชิงรางวัลออสการ์, หนังกำกับโดย สิทธิศิริ มงคลศิริ",Thai,Thailand,"เรื่องราวในหมู่บ้านชนบทช่วงสงครามโลกครั้งที่ 2 ""สาย"" เด็กสาววัยรุ่นได้รับสืบทอดสายเลือดกระสือโดยไม่รู้ตัว ทำให้ยามค่ำคืนหัวและไส้ของเธอจะถอดออกจากร่างไปหากิน ""น้อย"" เพื่อนสนิทที่รู้ความลับนี้พยายามทำทุกทางเพื่อปกป้องและช่วยเธอรักษา ขณะที่ ""เจิด"" เพื่อนอีกคนกลับร่วมมือกับกลุ่มพรานล่ากระสือ นำไปสู่บทสรุปแห่งความรักและความเสียสละอันสะเทือนใจ","แสงกระสือ, Inhuman Kiss, กระสือ, มินนี่ ภัณฑิรา, โอบ โอบนิธิ, เกรท สพล, สหมงคลฟิล์ม, หนังผีไทย",น 15+ (เหมาะสำหรับผู้มีอายุ 15 ปีขึ้นไป),80.jpg,Netflix / TrueID / Google TV
81,นาคี,นาคี,Series,2016,แฟนตาซี,"แฟนตาซี, ดราม่า, โรแมนติก, สยองขวัญ","ซาบซึ้ง, เข้มข้น, ตึงเครียด, ชวนติดตาม","ตำนานพญานาคและความรักข้ามภพชาติ, วิบากกรรมและการล้างแค้น, ความเชื่อชาวอีสาน","หญิงสาวชาวบ้านผู้มีร่างสถิตของเจ้าแม่นาคี, ความรักต่างเผ่าพันธุ์ระหว่างมนุษย์กับพญานาค, การถูกชาวบ้านรังเกียจและตามล่าจนนำไปสู่ความแค้น","ละครแฟนตาซีพื้นบ้านไทยเรตติ้งสูงสุดระดับปรากฏการณ์, ผลงานกำกับของ อ๊อฟ พงษ์พัฒน์, ละครนำแสดงโดย แต้ว ณฐพร และ เคน ภูภูมิ",Thai,Thailand,"เรื่องราวของ ""คำแก้ว"" สาวชาวบ้านดอนไม้ป่า ผู้มีชาติกำเนิดลึกลับและเป็นร่างสถิตของ ""เจ้าแม่นาคี"" พญานาคสาวผู้มีแรงแค้นจากอดีตชาติ เธอได้พบรักกับ ""ทศพล"" นักศึกษาโบราณคดีผู้เป็นคนรักในอดีตชาติของเธอ ทั้งสองต้องเผชิญหน้ากับอุปสรรคทั้งจากความเกลียดชังของชาวบ้าน แรงอาฆาต และกรรมเก่าที่ตามมาดึงพวกเขากลับสู่ความสูญเสีย","นาคี, พญานาค, เจ้าแม่นาคี, แต้ว ณฐพร, เคน ภูภูมิ, ช่อง 3, ความรักข้ามภพชาติ",น 13+ (เหมาะสำหรับผู้มีอายุ 13 ปีขึ้นไป),81.jpg,3Plus / Netflix / TrueID
82,สมิง เดอะรีเบิร์ธ,สมิง เดอะรีเบิร์ธ,Movie,2014,แอ็กชัน,"แอ็กชัน, สยองขวัญ, แฟนตาซี","ตึงเครียด, ดุดัน, ลุ้นระทึก, กดดัน","ตำนานเสือสมิงและอาคมไสยศาสตร์, การพรานป่าและการไล่ล่าสิ่งเหนือธรรมชาติ, การแก้แค้นของวิญญาณร้าย","นายพรานผู้สูญเสียลูกสาวจากการโจมตีของเสือสมิงร้าย, การออกเดินทางเข้าป่าลึกเพื่อตามล่าและทำลายเสือสมิง, การเผชิญหน้ากับคาถาอาคมและสิ่งลี้ลับในป่า","หนังไทยแนวไล่ล่าเสือสมิงไสยศาสตร์, หนังระทึกขวัญแอ็กชันความเชื่อไทย, หนัง CG เสือสมิง",Thai,Thailand,"เรื่องราวของ ""พรานพงศ์"" นายพรานฝีมือดีที่ต้องสูญเสียลูกสาวไปอย่างสะเทือนใจจากการถูก ""เสือสมิง"" อสูรร้ายแห่งพงไพรฆ่าตาย เขาจึงตัดสินใจออกเดินทางร่วมกับกลุ่มพรานเข้าสู่ป่าลึกเพื่อตามล่าและกำจัดเสือสมิงตัวนี้ แต่ยิ่งถล้ำลึกพวกเขากลับยิ่งต้องเผชิญกับอาคมไสยศาสตร์และวิญญาณพยาบาทที่ยากเกินกว่าจะรับมือ","สมิง เดอะรีเบิร์ธ, Saming The Rebirth, เสือสมิง, นายพราน, ไสยศาสตร์, ป่าลึก, แอ็กชันสยองขวัญ",น 15+ (เหมาะสำหรับผู้มีอายุ 15 ปีขึ้นไป),82.jpg,TrueID / Google TV
83,สหายสายฟ้า,สหายสายฟ้า,Movie,2023,แฟนตาซี,"แฟนตาซี, แอ็กชัน, ผจญภัย, มิตรภาพ","ตื่นเต้น, สนุกสนาน, อบอุ่นหัวใจ, ลุ้นระทึก","พลังแห่งสายฟ้าและการร่วมมือของผองเพื่อน, การปกป้องดินแดนจากภัยมืด, มิตรภาพและการเติบโต","กลุ่มวัยรุ่นผู้ค้นพบพลังเวทมนตร์สายฟ้าโดยบังเอิญ, การรวมตัวกันฝึกฝนเพื่อต่อสู้กับกลุ่มอิทธิพลชั่วร้าย, ภารกิจปกป้องความสงบสุขของหมู่บ้าน","หนังแฟนตาซีผจญภัยสไตล์วัยรุ่น, หนังต่อสู้ด้วยพลังเวทมนตร์, หนังไทยแนวแอ็กชันมิตรภาพ",Thai,Thailand,เรื่องราวของกลุ่มเพื่อนวัยรุ่นที่บังเอิญได้รับพลังเวทมนตร์สายฟ้าอันทรงพลัง พวกเขาต้องเรียนรู้การทำงานร่วมกันเป็นทีม ยอมรับความแตกต่างของกันและกัน เพื่อฝึกฝนทักษะการใช้พลังเข้าต่อสู้กับกลุ่มพลังมืดที่หวังยึดครองและทำลายล้างความสงบสุขของบ้านเกิด,"สหายสายฟ้า, พลังสายฟ้า, แฟนตาซี, แอ็กชัน, ผจญภัย, มิตรภาพ",ท (เหมาะสำหรับทั่วไป),83.jpg,TrueID / Google TV
,,,,,,,,,,,,,,,,,
85,พิภพหิมพานต์,พิภพหิมพานต์,Series,2021,แฟนตาซี,"แฟนตาซี, แอ็กชัน, ผจญภัย, ดราม่า","ตื่นเต้น, ยิ่งใหญ่, สนุกสนาน, ลุ้นระทึก","การตามหา ""อุลกมณี"" ในป่าหิมพานต์เพื่อรักษาพ่อ, สัตว์มหัศจรรย์ในตำนานไทย, การฟันฝ่าอันตรายในแดนพิศวง","หญิงสาวต้องว่าจ้างพรานหนุ่มนำทางเข้าไปในป่าหิมพานต์ซึ่งเป็นดินแดนลี้ลับ, การเผชิญหน้ากับสัตว์ประหลาดในตำนานและอุปสรรคเหนือธรรมชาติ, การต่อสู้เพื่อเอาชีวิตรอดและภารกิจกู้ชีวิต","ซีรีส์แฟนตาซี CG สัตว์หิมพานต์อลังการ, ละครการผจญภัยในป่าลี้ลับยุคใหม่, ละครนำแสดงโดย หลุยส์ สก๊อต และ แยม มทิรา",Thai,Thailand,"เรื่องราวของ ""พิมพ์"" หญิงสาวที่ต้องออกเดินทางไปตามหา ""อุลกมณี"" ของวิเศษในป่าหิมพานต์ ซึ่งเป็นสิ่งเดียวที่จะช่วยรักษาพ่อบุญธรรมของเธอได้ เธอจึงได้ว่าจ้าง ""กริช"" พรานหนุ่มผู้มีอดีตปริศนาให้นำทางเข้าสู่ดินแดนเร้นลับที่เต็มไปด้วยสัตว์ป่าในตำนาน อสูรร้าย และอันตรายเกินกว่ามนุษย์ธรรมดาจะจินตนาการได้","พิภพหิมพานต์, ป่าหิมพานต์, อุลกมณี, หลุยส์ สก๊อต, แยม มทิรา, ช่อง 3, แฟนตาซีผจญภัย",น 13+ (เหมาะสำหรับผู้มีอายุ 13 ปีขึ้นไป),85.jpg,3Plus / Netflix / TrueID
86,มณีนาคราช,มณีนาคราช,Series,2019,แฟนตาซี,"แฟนตาซี, ดราม่า, โรแมนติก","เข้มข้น, ซาบซึ้ง, ตึงเครียด, ชวนติดตาม","พญานาคกับการตามหาแก้วมณีนาคราช, วิบากกรรมและความรักต่างเผ่าพันธุ์, การต่อสู้ระหว่างฝ่ายธรรมะและอธรรม","พญานาคสาวปลอมตัวเป็นมนุษย์เพื่อตามหามณีนาคราชที่หายไป, การพบรักกับชายหนุ่มผู้มีอดีตผูกพัน, การถูกขัดขวางจากพญานาคฝ่ายอธรรม","ละครแฟนตาซีพญานาคความเชื่อไทย, เรื่องราวความรักข้ามภพชาติสุดซาบซึ้ง, ละครทีวีช่อง 8",Thai,Thailand,"เรื่องราวของ ""ชลธาร"" พญานาคสาวที่ได้รับมอบหมายให้เดินทางมายังโลกมนุษย์เพื่อตามหา ""มณีนาคราช"" ของสำคัญที่ถูกขโมยไป เธอได้พบกับ ""สดายุ"" ชายหนุ่มผู้มีจิตใจดีและมีความผูกพันกับเธอมาตั้งแต่อดีตชาติ ทั้งสองต้องร่วมมือกันฟันฝ่าอุปสรรคและภัยคุกคามจากพญานาคฝ่ายอธรรมที่หวังใช้พลังของมณีนาคราชเพื่อครอบครองอำนาจ","มณีนาคราช, พญานาค, แก้วมณี, ตูมตาม ยุทธนา, ยีน เกวลิน, ช่อง 8, แฟนตาซี",น 13+ (เหมาะสำหรับผู้มีอายุ 13 ปีขึ้นไป),86.jpg,TrueID / YouTube Channel 8
87,อสูรน้อยในตะเกียงแก้ว,อสูรน้อยในตะเกียงแก้ว,Series,2012,แฟนตาซี,"แฟนตาซี, คอมเมดี้, โรแมนติก","สนุกสนาน, สดใส, อารมณ์ดี, เพลิดเพลิน","แม่มดสาวกับตะเกียงแก้ววิเศษ, เวทมนตร์และการเติบโตในโลกมนุษย์, การต่อสู้กับแม่มดสายดำ","แม่มดน้อยผู้ถูกเลี้ยงดูมาในตะเกียงแก้วได้ก้าวเข้าสู่โลกมนุษย์, การเรียนรู้การใช้เวทมนตร์และชีวิตแบบคนธรรมดา, การปกป้องความสงบสุขจากพลังมืด","ละครแฟนตาซีเวทมนตร์ตระกูลสาวน้อยในตะเกียงแก้ว, ละครเย็นเรตติ้งสูงชวนติดตาม, ละครนำแสดงโดย ใบเฟิร์น พิมพ์ชนก และ อ๊อฟ ชนะพล",Thai,Thailand,"เรื่องราวภาคต่อของจักรวาลสาวน้อยในตะเกียงแก้ว เมื่อ ""แนนนี่"" แม่มดสาวน้อยผู้สืบเชื้อสายมาจากเมืองแม่มด ได้เติบโตขึ้นในโลกมนุษย์พร้อมกับความลับในตะเกียงแก้ววิเศษ เธอต้องใช้พลังเวทมนตร์เพื่อช่วยเหลือผู้คน เรียนรู้เรื่องความรัก มิตรภาพ และเผชิญหน้ากับแม่มดฝ่ายมืดที่พยายามทำลายล้างความสงบสุข","อสูรน้อยในตะเกียงแก้ว, สาวน้อยในตะเกียงแก้ว, แม่มด, เวทมนตร์, ใบเฟิร์น พิมพ์ชนก, อ๊อฟ ชนะพล, ช่อง 7",ท (เหมาะสำหรับทั่วไป),87.jpg,Bugaboo.TV / Ch7HD
88,มัจฉาอันดามัน,มัจฉาอันดามัน,Series,2022,แฟนตาซี,"แฟนตาซี, โรแมนติก, แอ็กชัน, ดราม่า","ตื่นเต้น, ซาบซึ้ง, เข้มข้น, ลุ้นระทึก","ตำนานเงือกสาวแห่งท้องทะเลอันดามัน, การตามหาหัวใจมัจฉาเพื่อช่วยเผ่าพันธุ์, ความรักต่างเผ่าพันธุ์ระหว่างมนุษย์กับเงือก","เงือกสาวผู้ครอบครองอัญมณีอัมพันใต้ท้องทะเลถูกล่าโดยกลุ่มโจรสลัด, การขึ้นมาบนฝั่งเพื่อตามหา ""ดาบขุนพล"" และหัวใจมัจฉา, การพบรักกับขุนนางหนุ่มผู้มีจิตใจดี","ละครแฟนตาซีเงือกและผจญภัยทางทะเล, เรื่องราวความรักเหนือธรรมชาติสุดซาบซึ้ง, ละครทีวีช่อง 8",Thai,Thailand,"เรื่องราวของ ""ดาหลา"" เงือกสาวแห่งท้องทะเลอันดามันที่ต้องเดินทางขึ้นมายังโลกมนุษย์เพื่อปกป้อง ""หัวใจมัจฉา"" ของวิเศษประเพณีประจำเผ่าพันธุ์จากการถูกชิงโดยเหล่าโจรและผู้มีอิทธิพลชั่วร้าย ในการเดินทางนี้เธอได้รับการช่วยเหลือจาก ""ขุนนเรนทร์"" แม่ทัพหนุ่ม นำไปสู่ความรักต่างเผ่าพันธุ์ท่ามกลางการต่อสู้อันดุเดือด","มัจฉาอันดามัน, เงือก, อันดามัน, ฟิล์ม รัฐภูมิ, ยีน เกวลิน, ช่อง 8, แฟนตาซีผจญภัย",น 13+ (เหมาะสำหรับผู้มีอายุ 13 ปีขึ้นไป),88.jpg,TrueID / YouTube Channel 8
,,,,,,,,,,,,,,,,,
90,สุขสันต์วันโสด (Low Season),สุขสันต์วันโสด (Low Season),Movie,2020,โรแมนติก,"โรแมนติก, คอมเมดี้, สยองขวัญ","อบอุ่นหัวใจ, สนุกสนาน, ตลกเฮฮา, ผ่อนคลาย","การดามใจคนอกหักช่วงฤดูกาล Low Season, หญิงสาวผู้มองเห็นผีกับการออกเดินทาง, ความรักที่ก่อตัวกลางโฮมสเตย์ภูเขา","หญิงสาวที่พึ่งอกหักและมีสัมผัสพิเศษเห็นผีเดินทางไปพักใจที่โฮมสเตย์กลางป่าดอยเชียงใหม่, การพบกับเขียนบทหนุ่มที่มาหาแรงบันดาลใจเขียนบทหนังผี, การลุยเที่ยวและพบเจอกับเหล่าผีเจ้าถิ่นสุดป่วน","หนังรักโฮมสเตย์บรรยากาศหมอกหน้าฝน, หนังรักคอมเมดี้ผสมผีตลกฟีลกู้ด, หนังนำแสดงโดย มาริโอ้ เมาเร่อ และ พลอยพลอย ไพลิน",Thai,Thailand,"เรื่องราวของ ""หลิน"" หญิงสาวผู้มีสัมผัสพิเศษมองเห็นวิญญาณ ซึ่งเพิ่งถูกแฟนบอกเลิกจนต้องออกเดินทางดามใจไปพักโฮมสเตย์กลางภูเขาในช่วงฤดู Low Season จนได้พบกับ ""พุธ"" นักเขียนบทหนุ่มไอเดียตันที่เดินทางมาหาแรงบันดาลใจทำบทหนังผี ทั้งสองและเหล่าคนโสดหลากสไตล์จึงต้องมาร่วมวงตลกร้าย เผชิญหน้ากับผีวิญญาณสุดป่วน และเรียนรู้การเยียวยาหัวใจไปพร้อมกัน","สุขสันต์วันโสด, Low Season, มาริโอ้ เมาเร่อ, พลอยไพลิน ตั้งประภาพร, สหมงคลฟิล์ม, หนังคนโสด, เชียงใหม่",น 13+ (เหมาะสำหรับผู้มีอายุ 13 ปีขึ้นไป),90.jpg,Netflix / TrueID / Google TV
,,,,,,,,,,,,,,,,,
,,,,,,,,,,,,,,,,,
,,,,,,,,,,,,,,,,,
,,,,,,,,,,,,,,,,,
,,,,,,,,,,,,,,,,,
,,,,,,,,,,,,,,,,,
,,,,,,,,,,,,,,,,,
98,วัยว้าวุ่น (GTH Side Stories),วัยว้าวุ่น (GTH Side Stories),Series,2013,ดราม่า,"ดราม่า, วัยรุ่น, คอมเมดี้","สนุกสนาน, ตื่นเต้น, สดใส, ชวนติดตาม","ขยายเรื่องราวและจักรวาลภาพยนตร์ฮิตของ GTH, ชีวิตและปัญหาของวัยรุ่น, ความรัก มิตรภาพ และครอบครัว","ซีรีส์หนังสั้นจบในตอนที่ดัดแปลงและต่อยอดเรื่องราวจากภาพยนตร์ชื่อดังของค่าย GTH (เช่น ฮอร์โมนส์, เพื่อนสนิท, สายลับจับบ้านเล็ก), นำเสนอแง่มุมใหม่ๆ ของตัวละครที่แฟนภาพยนตร์ชื่นชอบ","โปรเจกต์พิเศษซีรีส์สั้นจากค่าย GTH, สำหรับแฟนหนัง GTH ที่ต้องการดูเรื่องราวขยายของตัวละครประทับใจ",Thai,Thailand,มินิซีรีส์โปรเจกต์พิเศษที่นำเอาภาพยนตร์ประทับใจของค่าย GTH มาต่อยอดและเล่าเรื่องราวในมุมมองใหม่ๆ หรือเหตุการณ์ที่ไม่เคยถูกพูดถึงในภาพยนตร์หลัก นำเสนอผ่านชีวิตวัยรุ่น ความรัก ความฝัน และปัญหาที่ต้องเผชิญ รวบรวมเหล่านักแสดงวัยรุ่นและผู้กำกับมากฝีมือมาร่วมถ่ายทอดเรื่องราวสั้นจบในตอน,"วัยว้าวุ่น, GTH Side Stories, GTH, ฮอร์โมนส์วัยว้าวุ่น, ซีรีส์วัยรุ่น, หนังสั้น GTH",น 13+ (เหมาะสำหรับผู้มีอายุ 13 ปีขึ้นไป),98.jpg,TrueID / Netflix / GDH Streaming
99,อย่าขอพี่เจน,อย่าขอพี่เจน,Series,2024,โรแมนติก,"โรแมนติก, คอมเมดี้, ดราม่า","สนุกสนาน, อบอุ่นหัวใจ, ชวนฟิน, ตลกเฮฮา","ความรักในที่ทำงานและบรรยากาศออฟฟิศ, การแอบรักพี่ชายคนสนิทหรือรุ่นพี่, เรื่องราวความสัมพันธ์และความวุ่นวายของคนวัยทำงาน","หญิงสาวที่พยายามตามจีบและขอความรักจากรุ่นพี่สุดเก่งในออฟฟิศอย่าง ""พี่เจน"", การฝันฝ่าอุปสรรค ความเข้าใจผิด และความวุ่นวายในที่ทำงานเพื่อพิชิตใจอีกฝ่าย","ซีรีส์โรแมนติกคอมเมดี้ออฟฟิศสุดน่ารัก, เรื่องราวแนวแอบรักรุ่นพี่สุดอบอุ่น, ซีรีส์ไทยแนวฟีลกู้ด",Thai,Thailand,"เรื่องราวความรักสุดวุ่นวายในออฟฟิศ เมื่อหญิงสาวสุดโก๊ะต้องมาทำงานใกล้ชิดกับ ""พี่เจน"" รุ่นพี่สุดเพอร์เฟกต์ที่เป็นที่หมายปองของใครหลายคน ความน่ารักและความพยายามของเธอค่อยๆ สั่นคลอนหัวใจของพี่เจน ท่ามกลางสถานการณ์สุดป่วนใน workplace ที่ชวนให้ลุ้นและฟินไปพร้อมๆ กัน","อย่าขอพี่เจน, โรแมนติกคอมเมดี้, ซีรีส์ไทย, ความรักในออฟฟิศ, แอบรักรุ่นพี่",น 13+ (เหมาะสำหรับผู้มีอายุ 13 ปีขึ้นไป),99.jpg,TrueID / YouTube
100,KNOT ,KNOT ,Series,2024,ดราม่า,"ดราม่า, โรแมนติก, ทริลเลอร์","ตึงเครียด, เข้มข้น, กดดัน, ชวนสงสัย","ปมเงื่อนปัญหาสัมพันธ์ที่ซับซ้อน, ความลับและความโกหกที่ผูกมัดตัวละคร, การค้นหาความจริง","ตัวละครต่างมีความลับและปมปัญหาชีวิตที่ผูกพันกันเหมือนปมเชือก (Knot), การสืบหาความจริงและการแก้ปมความสัมพันธ์อันซับซ้อนที่ส่งผลกระทบต่อทุกคน","ซีรีส์ดราม่าระทึกขวัญเนื้อหาเข้มข้นเฉือนคม, ซีรีส์สะท้อนความสัมพันธ์อันซับซ้อนของมนุษย์",Thai,Thailand,: เรื่องราวความสัมพันธ์อันซับซ้อนที่ถูกผูกไว้ด้วยปมความลับ การทรยศ และอดีตที่ไม่สามารถหลีกเลี่ยงได้ เมื่อตัวละครแต่ละคนต้องเผชิญหน้ากับความจริงที่ค่อยๆ ถูกเปิดเผยทีละชั้น นำไปสู่การตัดสินใจครั้งใหญ่ที่จะปลดล็อกหรือยิ่งพันผูกปมชีวิตให้ยุ่งเหยิงยิ่งขึ้น,"KNOT, ดราม่า, ทริลเลอร์, ความสัมพันธ์ซับซ้อน, ปมความลับ, ซีรีส์ไทย",น 15+ (เหมาะสำหรับผู้มีอายุ 15 ปีขึ้นไป),100.jpg,TrueID / One31
101,Mr.Fanboy รักสุดใจนายแฟนบอย,Mr.Fanboy รักสุดใจนายแฟนบอย,Series,2023,โรแมนติก,"โรแมนติก, คอมเมดี้","สนุกสนาน, สดใส, อบอุ่นหัวใจ, ชวนฟิน","ความรักระหว่างแฟนคลับตัวยงกับไอดอลในดวงใจ, วัฒนธรรมแฟนคลับและการติ่ง, การฟันฝ่าเพื่อความฝันและความรัก","ชายหนุ่มที่เป็นแฟนบอยตัวจริงของศิลปิน/ไอดอลสาว ได้มีโอกาสเข้ามาใกล้ชิดและทำงานร่วมกับเธอ, ความรักและความผูกพันที่ค่อยๆ ก่อตัวขึ้นจากความปลื้มปิติกลายเป็นความรักแท้","ซีรีส์โรแมนติกคอมเมดี้สายแฟนคลับติ่งไอดอล, เรื่องราวความรักสุดฟินเบาครองใจวัยรุ่น",Thai,Thailand,เรื่องราวของแฟนบอยหนุ่มสุดติ่งที่ติดตามผลงานและเป็นแฟนคลับตัวยงของไอดอลสาวชื่อดัง วันหนึ่งโชคชะตาทำให้เขาได้ก้าวเข้าไปอยู่ในโลกของเธอและกลายมาเป็นคนใกล้ชิด จากความรักแบบแฟนคลับสู่ความรู้สึกจริงใจที่ค่อยๆ เปลี่ยนแปลงความสัมพันธ์ของทั้งสองคน,"Mr Fanboy, รักสุดใจนายแฟนบอย, แฟนบอย, ไอดอล, โรแมนติกคอมเมดี้, ซีรีส์ไทย",ท (เหมาะสำหรับทั่วไป),101.jpg,TrueID / YouTube
102,The Edge of Horizon  อรุณรุ่ง ,The Edge of Horizon  อรุณรุ่ง ,Series,2025,ดราม่า,"ดราม่า, โรแมนติก, แอ็กชัน","เข้มข้น, ซาบซึ้ง, ตื่นเต้น, กดดัน","การเริ่มต้นใหม่ ณ เส้นขอบฟ้า, การสืบหาความจริงและภารกิจกู้ศักดิ์ศรี, ความรักท่ามกลางมรสุมชีวิต","ตัวละครหลักที่ต้องเผชิญกับจุดตกต่ำที่สุดในชีวิตและพยายามลุกขึ้นสู้ใหม่เหมือนแสงอรุณรุ่ง, การเข้าไปพัวพันกับการสืบสวนและอิทธิพลมืดเพื่อความถูกต้อง","ซีรีส์ดราม่าเข้มข้นแฝงฉากแอ็กชันและการสืบสวน, เรื่องราวความรักและการฟันฝ่าอุปสรรคชีวิต",Thai,Thailand,เรื่องราวการดิ้นรนและฟันฝ่าอุปสรรคของตัวละครที่ถูกต้อนจนมุมในชีวิต แต่ยังคงมีความหวังว่าจะได้พบกับแสงสว่างแห่งวันใหม่ ณ เส้นขอบฟ้า พวกเขาต้องร่วมมือกันเผชิญหน้ากับกลุ่มอิทธิพลและความจริงในอดีต เพื่อปกป้องคนที่รักและทวงคืนความยุติธรรม,"The Edge of Horizon, อรุณรุ่ง, ดราม่า, แอ็กชัน, โรแมนติก, ซีรีส์ไทย",น 13+ (เหมาะสำหรับผู้มีอายุ 13 ปีขึ้นไป),102.jpg,TrueID / One31
103,PAYBACK,PAYBACK,Series,2024,แอ็กชัน,"แอ็กชัน, ทริลเลอร์, สืบสวนสอบสวน, ดราม่า","ดุดัน, ตึงเครียด, เข้มข้น, ลุ้นระทึก","การเอาคืนและการล้างแค้นกลุ่มอิทธิพลชั่ว, การเอาชีวิตรอดและการเปิดโปงความลุ่มลึกของอาชญากรรม, เฉือนคมและวางแผน",อดีตผู้เสียหายจากการถูกทรยศและทำลายชีวิต เดินทางกลับมาเพื่อวางแผนแก้แค้นและเอาคืน (Payback) กลุ่มคนชั่วอย่างแยบยลและดุดัน,"ซีรีส์แนวล้างแค้นเฉือนคมสไตล์แอ็กชันทริลเลอร์, การวางแผนแก้แค้นสุดลุ้นระทึก",Thai,Thailand,เรื่องราวการเอาคืนอย่างสะใจของชายหนุ่มผู้ถูกหักหลังและสูญเสียทุกอย่างในชีวิตจากน้ำมือของกลุ่มผู้มีอิทธิพล เขาใช้เวลาซุ่มซ้อมและวางแผนอย่างรอบคอบเพื่อกลับมาชำระแค้น เอาคืนทุกคนที่เคยทำร้ายเขาและครอบครัวอย่างทบต้นทบดอก,"PAYBACK, ล้างแค้น, แอ็กชัน, ทริลเลอร์, สืบสวน, ซีรีส์ไทย",น 18+ (เหมาะสำหรับผู้ใหญ่),103.jpg,TrueID / Viu
104,มีสติแล้วลูกพีช,มีสติแล้วลูกพีช,Series,2024,โรแมนติก,"โรแมนติก, คอมเมดี้","สนุกสนาน, สดใส, อบอุ่นหัวใจ, ชวนฟิน","ความรักสายฟีลกู้ดสุดป่วน, การดึงสติและการเยียวยาหัวใจ, ความสัมพันธ์สุดน่ารัก","เรื่องราวสุดฮาและอบอุ่นของ ""ลูกพีช"" หญิงสาวสายโก๊ะผู้ชอบสติหลุด ที่ต้องมาพบกับคนคอยช่วยดึงสติและร่วมฟันฝ่าความวุ่นวายในชีวิตไปด้วยกัน","ซีรีส์โรแมนติกคอมเมดี้ดูสบายเบาสมอง, เรื่องราวความรักน่ารักชวนอมยิ้ม, ซีรีส์ไทย",Thai,Thailand,"เรื่องราวความรักสุดอลเวงของ ""ลูกพีช"" หญิงสาวสุดโก๊ะที่มักจะทำเรื่องหลุดๆ จนต้องมีคนคอยเตือนสติอยู่ตลอดเวลา จนกระทั่งเธอได้พบกับชายหนุ่มเข้ามาในชีวิต คอยช่วยดึงสติและยามมีปัญหา นำไปสู่ความผูกพันสุดน่ารักที่จะทำให้ทุกคนต้องอมยิ้ม","มีสติแล้วลูกพีช, โรแมนติกคอมเมดี้, ซีรีส์ไทย, ความรัก, ฟีลกู้ด",ท (เหมาะสำหรับทั่วไป),104.jpg,TrueID / YouTube
105,มีสติหน่อยคุณธีร์,มีสติหน่อยคุณธีร์,Series,2024,โรแมนติก,"โรแมนติก, คอมเมดี้","สนุกสนาน, ตลกเฮฮา, ชวนฟิน, อบอุ่นหัวใจ","บอสหนุ่มสายมโน/สุดเป๊ะกับพนักงานสาว, การคุมสติในที่ทำงานและความรัก, ความสัมพันธ์พ่อแง่แม่งอน","""คุณธีร์"" ชายหนุ่มเพอร์เฟกต์แต่ชอบหลุดสติหรือมีมุมโก๊ะๆ เวลาอยู่ใกล้คนที่ชอบ จนทำให้คนรอบข้างต้องคอยเตือน ""มีสติหน่อยคุณธีร์""","ซีรีส์โรแมนติกคอมเมดี้แนวออฟฟิศสุดฮา, เรื่องราวพ่อแง่แม่งอนชวนฟิน, ซีรีส์ไทย",Thai,Thailand,"เรื่องราวของ ""คุณธีร์"" ผู้บริหารหนุ่มสุดเพอร์เฟกต์ในสายตาคนนอก แต่แท้จริงแล้วกลับมีมุมหลุดสติและทำตัวไม่ถูกเมื่ออยู่ใกล้กับคนที่แอบชอบ จนทำให้เกิดสถานการณ์สุดตลกปนน่ารักในออฟฟิศที่ชวนให้แฟนๆ ลุ้นและอมยิ้มไปกับความรักของพวกเขา","มีสติหน่อยคุณธีร์, โรแมนติกคอมเมดี้, ซีรีส์ไทย, ความรักในออฟฟิศ, ตลก",ท (เหมาะสำหรับทั่วไป),105.jpg,TrueID / YouTube
106,เพราะรักนำทาง พาร์ท 1 2,เพราะรักนำทาง พาร์ท 1 2,Series,2023,โรแมนติก,"โรแมนติก, ดราม่า","อบอุ่นหัวใจ, ซาบซึ้ง, หวานซึ้ง","การนำทางของหัวใจผ่านอุปสรรคชีวิต, ความรักแท้และการเสียสละ, เรื่องราวต่อกันสองพาร์ท",การเดินทางและความสัมพันธ์ของคู่รักที่ต้องผ่านการทดสอบชีวิตในพาร์ท 1 และการคลี่คลายปมหัวใจพร้อมการเติบโตในพาร์ท 2,"ซีรีส์โรแมนติกความยาว 2 พาร์ทเนื้อหาเข้มข้นซาบซึ้ง, เรื่องราวความรักอบอุ่นหัวใจ",Thai,Thailand,ซีรีส์โรแมนติกแบ่งออกเป็น 2 พาร์ท เล่าถึงเรื่องราวของคนสองคนที่ความรักกลายเป็นเข็มทิศนำทางชีวิตผ่านมรสุมและอุปสรรคมากมาย ในพาร์ทแรกทั้งคู่ต้องเรียนรู้และเผชิญหน้ากับความเข้าใจผิด ก่อนจะนำไปสู่พาร์ทที่สองกับการพิสูจน์รักแท้และการเยียวยาหัวใจ,"เพราะรักนำทาง, โรแมนติก, ดราม่า, ซีรีส์ไทย, รักแท้",น 13+ (เหมาะสำหรับผู้มีอายุ 13 ปีขึ้นไป),106.jpg,TrueID / YouTube
107,Duang with You UNCUT (2026) ด้วงกับเธอ,Duang with You UNCUT (2026) ด้วงกับเธอ,Series,2024,โรแมนติก,"โรแมนติก, คอมเมดี้, สายมู/ดวงชะตา","สนุกสนาน, ชวนฟิน, สดใส, อบอุ่นหัวใจ","เรื่องของดวงชะตา พรหมลิขิต และความรัก, เวอร์ชัน UNCUT จัดเต็มฉากประทับใจ, การทำลายข้อจำกัดเรื่องดวง",คนที่เชื่อเรื่องดวงชะตาอย่างเคร่งครัด ต้องมาตกหลุมรักกับคนที่มีดวงเป็นอริหรือขัดกันทุกอย่าง จนต้องหาทางเอาชนะดวงด้วยพลังแห่งความรัก,"ซีรีส์สายมูผสมโรแมนติกคอมเมดี้, เวอร์ชัน UNCUT เพิ่มเนื้อหาแบบจัดเต็ม, ซีรีส์ไทยวาย/ชายรักชาย หรือชายนิยม",Thai,Thailand,เรื่องราวความรักสุดป่วนของคนที่ชีวิตผูกติดอยู่กับหมอดูและดวงชะตา แต่กลับต้องมาเจอกับคนที่ดวงขัดกันทุกประการ ในเวอร์ชัน UNCUT นี้จะพาไปสัมผัสกับฉากฟินๆ และความสัมพันธ์ที่ลึกซึ้งยิ่งขึ้น เมื่อทั้งสองตัดสินใจก้าวข้ามคำคำทายเพื่อพิสูจน์ว่าความรักชนะทุกอย่าง,"Duang with You, ดวงกับคุณ, UNCUT, สายมู, ดวงชะตา, โรแมนติกคอมเมดี้, ซีรีส์ไทย",น 15+ (เหมาะสำหรับผู้มีอายุ 15 ปีขึ้นไป),107.jpg,IQIYI / WeTV / TrueID
108,สิงสาลาตาย,สิงสาลาตาย,Series,2024,สยองขวัญ,"สยองขวัญ, ทริลเลอร์, สืบสวนสอบสวน","หลอนสยอง, กดดัน, ตึงเครียด, ดุดัน","อาถรรพ์ป่าและสิ่งลี้ลับ, การเอาชีวิตรอดจากสิงสาราสัตว์และวิญญาณร้าย, ปริศนาการฆาตกรรมกลางป่า",กลุ่มคนที่เดินทางเข้าไปในป่าลึกแล้วต้องเผชิญกับภัยคุกคามที่ไม่ใช่แค่สัตว์ร้าย แต่เป็นพลังงานเร้นลับและอาถรรพ์ที่คอยคร่าชีวิตทีละคน,"หนังไทยสยองขวัญสืบสวนระทึกขวัญในป่าลึก, หนังเอาชีวิตรอดจากอาถรรพ์",Thai,Thailand,เรื่องราวของกลุ่มคนที่ต้องเข้าไปเผชิญภัยในป่าต้องห้าม ซึ่งเต็มไปด้วยตำนานเล่าขานถึงอาถรรพ์และวิญญาณร้าย พวกเขาไม่เพียงแต่ต้องหาทางเอาชีวิตรอดจากสัตว์ร้ายในธรรมชาติ แต่ยังต้องรับมือกับความลับดำมืดและการไล่ล่าฆาตกรรมสุดโหดเหี้ยมกลางป่าลึก,"สิงสาล่าตาย, สยองขวัญ, ทริลเลอร์, อาถรรพ์ป่า, หนังผีไทย, เอาชีวิตรอด",น 18+ (เหมาะสำหรับผู้ใหญ่),108.jpg,TrueID / Google TV
109,เขมจิราต้องรอด,เขมจิราต้องรอด,Series,2025,สยองขวัญ,"สยองขวัญ, ไสยศาสตร์, โรแมนติก, ทริลเลอร์","หลอนสยอง, กดดัน, เข้มข้น, ตึงเครียด","คำสาปตระกูลที่ต้องเอาชีวิตรอดก่อนอายุ 20 ปี, พิธีกรรมและไสยศาสตร์มนต์ดำ, การปกป้องและความรัก","""เขมจิรา"" เด็กหนุ่มที่เกิดมาพร้อมคำสาปประจำตระกูลที่จะต้องตายเมื่ออายุครบ 20 ปี ต้องเดินทางไปพึ่งพาพ่อหมอไสยขาวเพื่อทำการสะเดาะเคราะห์และปกป้องชีวิตจากวิญญาณร้าย","ซีรีส์วายแนวสยองขวัญไสยศาสตร์ไทยดั่งเดิม, สร้างจากนิยายขายดีสุดฮิต, นำแสดงโดย Keng Napat และ Namping Napatsakorn",Thai,Thailand,"เรื่องราวของ ""เขมจิรา"" ชายหนุ่มผู้เกิดมาในตระกูลที่มีคำสาปร้ายแรง ซึ่งลูกชายทุกคนจะต้องมีอันเป็นไปก่อนอายุครบ 20 ปี หนทางเดียวที่จะรอดชีวิตคือการเดินทางไปขอความช่วยเหลือจาก ""พ่อครู"" ผู้มีวิชาอาคมไสยศาสตร์ขาว เพื่อพิชิตคำสาปและสู้กับเหล่าวิญญาณร้ายที่คอยตามรังควาน","เขมจิราต้องรอด, Khemjira, ไสยศาสตร์, คำสาป, ซีรีส์วาย, เก่ง น้ำปิง, Domundi",น 15+ (เหมาะสำหรับผู้มีอายุ 15 ปีขึ้นไป),109.jpg,IQIYI / YouTube
110,พิษเบ๊บ 1 2,พิษเบ๊บ 1 2,Series,2023,คอมเมดี้,"คอมเมดี้, แอ็กชัน, สยองขวัญ","ตลกเฮฮา, สนุกสนาน, ป่วน, ลุ้นระทึก","ไวรัสหรือพิษประหลาดที่ทำให้คนเปลี่ยนไป, การร่วมมือกันฮาๆ เพื่อเอาชีวิตรอด, 2 ภาคต่อกัน",ความอลเวงในหมู่บ้านเมื่อเกิดพิษหรือการแพร่ระบาดประหลาด ทำให้ผู้คนเกิดอาการบ้าคลั่งหรือเปลี่ยนไป กลุ่มชาวบ้านสายฮาจึงต้องรวมตัวกันสู้และหาทางรอด,"หนังคอมเมดี้ตลกฮาสไตล์ตลกตระกูลอีสาน/ฮาตลกขำกระจาย, หนังไทยบันเทิงรอยยิ้ม",Thai,Thailand,ภาพยนตร์คอมเมดี้สุดฮาความยาว 2 ภาค เล่าถึงความป่วนในหมู่บ้านแห่งหนึ่งเมื่อต้องเจอกับสารพิษหรือเชื้อโรคประหลาดที่ระบาดไปทั่ว นำมาซึ่งสถานการณ์อลหม่านสุดตลกขบขัน เมื่อชาวบ้านสุดฮาต้องมารวมพลังกันเอาชีวิตรอดและหาทางรักษาพิษนี้ไปพร้อมๆ กัน,"พิษเบิ้บ, คอมเมดี้, ตลก, หนังไทย, อลเวง, สู้พิษ",น 13+ (เหมาะสำหรับผู้มีอายุ 13 ปีขึ้นไป),110.jpg,TrueID / Google TV
111,หมัดน็อกล็อกหัวใจ,หมัดน็อกล็อกหัวใจ,Series,2024,โรแมนติก,"โรแมนติก, คอมเมดี้, กีฬา","สนุกสนาน, ตื่นเต้น, สดใส, ชวนฟิน","ความรักในวงการนักมวย/กีฬา, การฝึกซ้อมและการเอาชนะอุปสรรค, ความสัมพันธ์ชวนหัวใจเต้นแรง",เรื่องราวของนักมวยหนุ่มเสน่ห์แรงที่ต้องมาพบกับคนที่เข้ามาปั่นป่วนทั้งหัวใจและสังเวียนมวย จนทำให้หมัดที่เคยหนักแน่นต้องพ่ายแพ้ให้กับความรัก,": ซีรีส์โรแมนติกคอมเมดี้ธีมกีฬาและนักมวย, เรื่องราวรักวัยรุ่นสุดฟิน",Thai,Thailand,เรื่องราวความรักสุดอลเวงของนักมวยหนุ่มไฟแรงผู้ไม่เคยแพ้ใครบนสังเวียน แต่กลับต้องมาเสียอาการและพ่ายแพ้ให้กับหัวใจตัวเอง เมื่อได้เจอกับคนที่เข้ามาปั่นป่วนชีวิต การฝึกซ้อมและความรักจึงเกิดขึ้นพร้อมกันในบรรยากาศสุดน็อกหัวใจ,"หมัดน็อกล็อกหัวใจ, โรแมนติกคอมเมดี้, ซีรีส์ไทย, นักมวย, ความรักวัยรุ่น",ท (เหมาะสำหรับทั่วไป),111.jpg,TrueID / YouTube
112,ไหนเฮียบอกไม่ชอบเด็ก,ไหนเฮียบอกไม่ชอบเด็ก,Series,2024,โรแมนติก,"โรแมนติก, คอมเมดี้","สนุกสนาน, ชวนฟิน, อบอุ่นหัวใจ, ตลกเฮฮา","ความสัมพันธ์รักต่างวัยระหว่างพี่ชายสุดคูลกับรุ่นน้องสุดตื๊อ, การปากแข็งและกลืนน้ำลายตัวเอง","""เฮีย"" ชายหนุ่มรุ่นพี่ที่เคยประกาศชัดเจนว่าไม่ชอบเด็กและไม่คิดจะกินเด็ก แต่กลับต้องพ่ายแพ้ให้ความน่ารักและการตามตื๊อของรุ่นน้องสุดแสบจนต้องยอมกลืนน้ำลายตัวเอง","ซีรีส์โรแมนติกคอมเมดี้แนวพระเอกปากแข็งกินเด็ก, ซีรีส์วาย/สายฟินชวนอมยิ้ม",Thai,Thailand,"เรื่องราวความรักสุดฮาปนน่ารักเมื่อ ""เฮีย"" พี่ใหญ่สุดโหดผู้เคยยืนยันเสียงแข็งว่าชีวิตนี้จะไม่ขอรักเด็กเด็ดขาด แต่กลับโดนรุ่นน้องเด็กกว่าตามจีบตามตื๊อไม่เว้นแต่ละวัน จนสุดท้ายกำแพงหัวใจก็ต้องพังทลายลง พร้อมคำถามสุดหยอกล้อว่า ""ไหนเฮียบอกไม่ชอบเด็ก?""","ไหนเฮียบอกไม่ชอบเด็ก, โรแมนติกคอมเมดี้, ซีรีส์ไทย, รักต่างวัย, ปากไม่ตรงกับใจ",น 13+ (เหมาะสำหรับผู้มีอายุ 13 ปีขึ้นไป),112.jpg,IQIYI / WeTV / TrueID
113,สายรหัสเทวดา,สายรหัสเทวดา,Series,2024,โรแมนติก,"โรแมนติก, คอมเมดี้, วัยรุ่น","สนุกสนาน, สดใส, ชวนฟิน, อบอุ่นหัวใจ","ชีวิตมหาวิทยาลัยและระบบสายรหัส, ความรักและความสัมพันธ์ในรั้วมหา'ลัย, มิตรภาพของกลุ่มเพื่อน","เรื่องราวความรักป่วนๆ ของเหล่ารุ่นพี่และรุ่นน้องใน ""สายรหัสเทวดา"" สายรหัสสุดฮอตที่รวมคนหน้าตาดีและมีเสน่ห์ไว้ด้วยกัน ซึ่งเต็มไปด้วยความผูกพันและเรื่องราวสุดฟิน","ซีรีส์วายโรแมนติกคอมเมดี้รั้วมหาวิทยาลัยจาก GMMTV, สร้างจากนิยายขายดีตระกูลสายรหัส, รวมนักแสดงวัยรุ่นสุดฮอต",Thai,Thailand,"เรื่องราวความรักและความวุ่นวายของเหล่านักศึกษาใน ""สายรหัสเทวดา"" ซึ่งเป็นสายรหัสในตำนานที่รวมเอาเฟรชชี่และรุ่นพี่สุดเพอร์เฟกต์ไว้ด้วยกัน การส่งต่อพี่รหัสน้องรหัสนำมาซึ่งความใกล้ชิด ความผูกพัน และความรู้สึกดีๆ ที่ค่อยๆ ก่อตัวขึ้นจนกลายเป็นความรักสุดน่ารักกลางรั้วมหาวิทยาลัย","สายรหัสเทวดา, Perfect10 Liners, GMMTV, ซีรีส์วาย, ความรักมหาวิทยาลัย, สายรหัส",น 13+ (เหมาะสำหรับผู้มีอายุ 13 ปีขึ้นไป),113.jpg,GMM25 / YouTube GMMTV / Viu
114,SOTUS The Series,SOTUS The Series พี่ว้ากตัวร้ายกับนายปีหนึ่ง,Series,2016,โรแมนติก,"โรแมนติก, ดราม่า, วัยรุ่น","ซาบซึ้ง, ชวนฟิน, เข้มข้น, อบอุ่นหัวใจ","ระบบการรับน้อง SOTUS ในคณะวิศวกรรมศาสตร์, ความรักระหว่างพี่ว้ากสุดโหดกับน้องปีหนึ่งสุดกล้า, มิตรภาพและการเติบโต","""ก้องภพ"" เด็กปีหนึ่งคณะวิศวะผู้กล้าท้าทายระบบรับน้องเพื่อปกป้องเพื่อนๆ ต้องเผชิญหน้ากับ ""อาทิตย์"" หัวหน้าพี่ว้ากสุดโหด แต่ความใกล้ชิดและมุมมองที่ขัดแย้งกลับค่อยๆ เปลี่ยนเป็นความเข้าใจและความรัก","ซีรีส์วายระดับตำนานขึ้นหิ้งของไทยที่สร้างกระแสฮิตไปทั่วโลก, นำแสดงโดย คริส พีรวัส และ สิงโต ปราชญา",Thai,Thailand,"เรื่องราวความสัมพันธ์ระหว่าง ""อาทิตย์"" หัวหน้าพี่ว้ากปี 3 สุดเฮี้ยบแห่งคณะวิศวกรรมศาสตร์ กับ ""ก้องภพ"" นศ.น้องใหม่ปี 1 ผู้มีจิตใจดีและกล้าชนเพื่อความถูกต้อง ท่ามกลางความกดดันของระบบ SOTUS และการรับน้องอันเข้มงวด การปะทะคารมและความใกล้ชิดทำให้ทั้งคู่ได้เห็นตัวตนที่แท้จริงของกันและกัน จนเกิดเป็นความรักสุดซาบซึ้งที่ก้าวข้ามคำว่าพี่น้อง","SOTUS The Series, พี่ว้ากตัวร้ายกับนายปีหนึ่ง, คริส สิงโต, GMMTV, ซีรีส์วายในตำนาน, วิศวะ",น 13+ (เหมาะสำหรับผู้มีอายุ 13 ปีขึ้นไป),114.jpg,YouTube GMMTV / Netflix / LINE TV
115,แปลรักฉันด้วยใจเธอ,แปลรักฉันด้วยใจเธอ,Series,2020,โรแมนติก,"โรแมนติก, ดราม่า, วัยรุ่น, Coming-of-age","ซาบซึ้ง, สะเทือนอารมณ์, หวนรำลึกความหลัง, ละมุนละไม","การค้นหาตัวตนและความสับสนในเพศสภาพของวัยรุ่น, มิตรภาพจากอดีตสู่ความรักอันลึกซึ้ง, บรรยากาศเสน่ห์เมืองเก่าภูเก็ต",สองเพื่อนสนิทในวัยเด็กที่เคยบาดหมางกัน ได้กลับมาพบกันอีกครั้งในโรงเรียนกวดวิชาภาษาจีนเพื่อเตรียมสอบเข้ามหาวิทยาลัย ความใกล้ชิดและการแข่งขันพาพวกเขาก้าวผ่านความสับสนในจิตใจและความรู้สึกที่ลึกซึ้งเกินกว่าเพื่อน,": ซีรีส์ Coming-of-age ระดับมาสเตอร์พีซ กวาดรางวัลมากมาย, ผลงานการผลิตสุดประณีตของ Nadao Bangkok, นำแสดงโดย บิวกิ้น พุฒิพงศ์ และ พีพี กฤษฏ์",Thai,Thailand,"เรื่องราวของ ""เต๋"" และ ""โอ๋เอ๋ว"" สองเพื่อนรักในวัยเด็กที่เคยแยกย้ายกันไปเพราะความไม่เข้าใจ ได้กลับมาพบกันอีกครั้งในช่วงเวลาสำคัญของการสอบเข้ามหาวิทยาลัย ท่ามกลางบรรยากาศงดงามและเงียบสงบของเมืองภูเก็ต ความทรงจำในอดีตถูกฟื้นฟู พร้อมๆ กับความรู้สึกใหม่ที่ค่อยๆ ก่อตัวขึ้น ทั้งคู่ต้องเผชิญหน้ากับความสับสน ค้นหาตัวตน และเรียนรู้ความหมายของคำว่ารักและการเติบโต","แปลรักฉันด้วยใจเธอ, I Told Sunset About You, นาดาวบางกอก, บิวกิ้น พีพี, BKPP, ภูเก็ต, ซีรีส์วาย",น 15+ (เหมาะสำหรับผู้มีอายุ 15 ปีขึ้นไป),115.jpg,Disney+ Hotstar / Netflix
116,KinnPorsche The Series,KinnPorsche The Series,Series,2022,แอ็กชัน,"แอ็กชัน, โรแมนติก, ดราม่า, อาชญากรรม","ดุดัน, เข้มข้น, ตึงเครียด, ชวนฟิน","ความรักในวงการมาเฟีย, การเป็นบอดี้การ์ดและการแย่งชิงอำนาจ, ความสัมพันธ์อันซับซ้อนท่ามกลางความตระกูลตระกูลใหญ่",บาร์เทนเดอร์หนุ่มยอดนักสู้จำใจต้องมาเป็นบอดี้การ์ดส่วนตัวให้กับลูกชายตระกูลมาเฟียใหญ่ จนกระทั่งความใกล้ชิดและความเสี่ยงตายเปลี่ยนความสัมพันธ์ของพวกเขาไปตลอดกาล,"ซีรีส์วายแนวมาเฟียแอ็กชันดุเดือดระดับปรากฏการณ์, ผลงานคุณภาพโปรดักชันระดับอินเตอร์, นำแสดงโดย มาย ภาคภูมิ และ อาโป ณัฐวิญญ์",Thai,Thailand,"เรื่องราวของ ""พอร์ช"" นักศึกษาและบาร์เทนเดอร์หนุ่มฝีมือการต่อสู้ดีเยี่ยม ที่ถูกบังคับให้เข้ามาเป็นบอดี้การ์ดประจำตัวของ ""คินน์"" ทายาทตระกูลมาเฟียหลัก ท่ามกลางอันตราย การทรยศ และการแย่งชิงอำนาจระหว่างตระกูล ความใกล้ชิดและการฟันฝ่าความตายร่วมกันได้จุดประกายความรักและความผูกพันสุดลึกซึ้งที่ยากจะถอนตัว","KinnPorsche, KinnPorsche The Series, มาย อาโป, ซีรีส์วาย, มาเฟีย, บอดี้การ์ด, Be On Cloud",น 18+ (เหมาะสำหรับผู้ใหญ่),116.jpg,IQIYI / One31
117,ปาฏิหาริย์รักร้อยปี,ปาฏิหาริย์รักร้อยปี,Series,2023,โรแมนติก,"โรแมนติก, ดราม่า","ซาบซึ้ง, สะเทือนอารมณ์, อบอุ่นหัวใจ, ชวนติดตาม","ความรักและการสูญเสีย, การกลับมาของคนรักในอดีต, การเลือก بينความรักสองครั้ง",หญิงสาวที่ต้องสูญเสียคนรักไปจากอุบัติเหตุทางทะเล และเริ่มเปิดใจให้ชายหนุ่มคนใหม่ที่คอยดูแล แต่แล้ววันหนึ่งคนรักเก่าที่คิดว่าตายไปแล้วกลับฟื้นคืนมา,"ละครโรแมนติกดราม่าเข้มข้นทาง PPTV, การประชันบทบาทของนักแสดงมากฝีมือ พุฒ พุฒิชัย, ปุ๊กลุก ฝนทิพย์ และ สน ยุกต์",Thai,Thailand,"เรื่องราวความรักสุดสะเทือนใจของ ""ดาวประศุกร์"" ที่ต้องสูญเสีย ""ปาวี"" คนรักไปจากอุบัติเหตุ จนกระทั่งได้ ""ชัชวิน"" ชายหนุ่มผู้แสนดีเข้ามาช่วยรักษาแผลใจและกลายเป็นความรักครั้งใหม่ แต่แล้วปาฏิหาริย์ก็เกิดขึ้นเมื่อปาวีรอดชีวิตและกลับมาหาเธอ ทำให้เธอต้องตกอยู่ในสภาวะกลืนไม่เข้าคายไม่ออกระหว่างความรักในอดีตกับปัจจุบัน","ปาฏิหาริย์รัก, PPTV, พุฒ พุฒิชัย, ปุ๊กลุก ฝนทิพย์, สน ยุกต์, โรแมนติกดราม่า",น 13+ (เหมาะสำหรับผู้มีอายุ 13 ปีขึ้นไป),117.jpg,PPTV HD 36 / IQIYI / TrueID
118,โซ่รักอัคนี บ้านวาทินวณิช,โซ่รักอัคนี บ้านวาทินวณิช,Series,2023,ดราม่า,"ดราม่า, โรแมนติก","เข้มข้น, ตึงเครียด, ซาบซึ้ง, กดดัน","ความแค้นและโซ่ตรวนแห่งความรัก, พันธะสัญญาและการชดใช้, การก้าวผ่านความขัดแย้งของสองตระกูล",ความขัดแย้งและความแค้นระหว่างสองครอบครัวที่ถูกพันธนาการไว้ด้วยความสัมพันธ์และเงื่อนไขบางอย่าง นำไปสู่เรื่องราวความรักที่ต้องผ่านความเจ็บปวดและการให้อภัยใน 2 พาร์ท,"ละครแนวโรแมนติกดราม่าเชือดเฉือนอารมณ์, เรื่องราวความรักท่ามกลางรอยแค้น",Thai,Thailand,"เรื่องราวความรักและรอยแค้นที่ผูกพันกันเหมือนโซ่ตรวนของ ""อัคนี"" ชายหนุ่มผู้เต็มไปด้วยความแค้น และหญิงสาวที่ต้องมารับผลของการกระทำที่เธอไม่ได้ก่อ ทั้งสองต้องเผชิญกับบททดสอบหัวใจ การทรยศ และการพิสูจน์รักแท้ตลอด 2 ภาค","โซ่รักอัคนี, ดราม่า, โรแมนติก, ความแค้น, ละครไทย",น 13+ (เหมาะสำหรับผู้มีอายุ 13 ปีขึ้นไป),118.jpg,TrueID / YouTube
119,เสน่หาวาโย บ้านวาทินวณิช,เสน่หาวาโย บ้านวาทินวณิช,Series,2024,โรแมนติก,"โรแมนติก, ดราม่า, พีเรียด","ซาบซึ้ง, ละมุนละไม, เข้มข้น, อบอุ่นหัวใจ","ความรักดั่งสายลม (วาโย) ที่พัดพาความผูกพัน, เสน่หาและการฟันฝ่าอุปสรรคยศศักดิ์, เรื่องราวรักต่างชนชั้น",ชายหนุ่มเปรียบเสมือนสายลมผู้รักอิสระ ได้มาตกหลุมรักหญิงสาวสูงศักดิ์ ทั้งสองต้องร่วมกันก้าวผ่านอุปสรรคทางสังคม ค่านิยม และแรงขัดขวางจากผู้ใหญ่,"ซีรีส์โรแมนติกดราม่าบรรยากาศพีเรียด/ร่วมสมัยสุดละมุน, เรื่องราวความรักมั่นคง",Thai,Thailand,เรื่องราวความรักอันมั่นคงท่ามกลางอุปสรรคขวากหนาม ของชายหนุ่มผู้รักอิสระดั่งสายลม และหญิงสาวผู้เปี่ยมไปด้วยเสน่ห์และความงดงาม แม้จะถูกขัดขวางจากความแตกต่างทางสังคมและอิทธิพลรอบข้าง แต่ความผูกพันดั่งสายลมก็พัดพาให้หัวใจของทั้งสองดวงมารวมเป็นหนึ่งเดียว,"เสน่หาวาโย, โรแมนติก, ดราม่า, พีเรียด, ซีรีส์ไทย",น 13+ (เหมาะสำหรับผู้มีอายุ 13 ปีขึ้นไป),119.jpg,TrueID / YouTube
120,วิวาห์ปฐพี บ้านวาทินวณิช,วิวาห์ปฐพี บ้านวาทินวณิช,Series,2023,โรแมนติก,"โรแมนติก, ดราม่า","อบอุ่นหัวใจ, เข้มข้น, ซาบซึ้ง, ชวนติดตาม","การแต่งงานแบบคลุมถุงชน/จำยอม, ความรักที่เติบโตจากความใกล้ชิด, เจ้าของไร่/แผ่นดิน (ปฐพี)",การแต่งงานที่เริ่มต้นจากข้อตกลงและหน้าที่ระหว่างเจ้าของไร่หนุ่มผู้สุขุมกับหญิงสาวที่ต้องเข้ามาอยู่ร่วมกัน นำไปสู่การเรียนรู้และสร้างความรักที่มั่นคงดั่งแผ่นดินตลอด 2 ภาค,"ละครแนวแต่งงานบังคับสู่รักแท้, บรรยากาศแนวไร่ส้ม/ธรรมชาติ, เรื่องราวคลี่คลายใน 2 พาร์ท",Thai,Thailand,"เรื่องราวการวิวาห์ที่ไม่ได้เริ่มต้นจากความรัก เมื่อ ""ปฐพี"" ชายหนุ่มเจ้าของไร่ผู้สุขุมต้องแต่งงานกับหญิงสาวตามความต้องการของผู้ใหญ่ การใช้ชีวิตร่วมกันในแผ่นดินอันกว้างใหญ่ท่ามกลางปัญหาและอุปสรรค ค่อยๆ เปลี่ยนความเหินห่างให้กลายเป็นความเข้าใจและความรักอันแน่นแฟ้น","วิวาห์ปฐพี, โรแมนติกดราม่า, แต่งงานบังคับ, ไร่, ซีรีส์ไทย",น 13+ (เหมาะสำหรับผู้มีอายุ 13 ปีขึ้นไป),120.jpg,TrueID / YouTube
121,นทีร้อยเล่ห์ บ้านวาทินวณิช,นทีร้อยเล่ห์ บ้านวาทินวณิช,Series,2024,โรแมนติก,"โรแมนติก, ดราม่า, สืบสวน","เข้มข้น, ตึงเครียด, ชวนสงสัย, ชวนฟิน","เล่ห์เหลี่ยมและแผนการในความสัมพันธ์, ชายหนุ่มฉลาดเจ้าแผนการดั่งสายน้ำ (นที), การชิงไหวชิงพริบทางธุรกิจและความรัก",ชายหนุ่มผู้เต็มไปด้วยกลอุบายและเล่ห์เหลี่ยม เข้าหาหญิงสาวเพื่อผลประโยชน์หรือการแก้แค้น แต่กลับตกหลุมพรางหัวใจของตัวเองจนกลายเป็นความรักจริง,"ละครโรแมนติกดราม่าแนวเฉือนคมและเล่ห์เหลี่ยม, พระเอกสายฉลาดเจ้าแผนการ",Thai,Thailand,"เรื่องราวของ ""นที"" ชายหนุ่มแพรวพราวผู้มีกลอุบายและร้อยเล่ห์เหลี่ยมในการทำงานและชีวิต เขาเข้ามาในชีวิตของหญิงสาวด้วยแผนการบางอย่าง แต่ยิ่งใกล้ชิดและใช้เล่ห์เหลี่ยมมากเท่าไหร่ เขากลับยิ่งพ่ายแพ้ให้กับความดีงามและหัวใจของเธอเอง","นทีร้อยเล่ห์, โรแมนติกดราม่า, เฉือนคม, ซีรีส์ไทย, ความรัก",น 13+ (เหมาะสำหรับผู้มีอายุ 13 ปีขึ้นไป),121.jpg,TrueID / YouTube
122,รักเติมเต็ม,รักเติมเต็ม,Series,2024,โรแมนติก,"โรแมนติก, ดราม่า","อบอุ่นหัวใจ, ซาบซึ้ง, หวานซึ้ง","การเข้ามาเติมเต็มส่วนที่ขาดหายในชีวิต, ความรักเยียวยาบาดแผลทางใจ, ความสัมพันธ์สุดลึกซึ้ง",คนสองคนที่มีปมความเจ็บปวดในอดีตได้มาพบกัน และค่อยๆ กลายเป็นส่วนเติมเต็มชีวิตของกันและกันจนเกิดเป็นรักแท้,"ซีรีส์โรแมนติกดราม่าสายฟีลกู้ดอบอุ่นหัวใจ, เรื่องราวการเยียวยาชีวิต",Thai,Thailand,เรื่องราวของคนสองคนที่ต่างมีบาดแผลและความรู้สึกขาดหายในหัวใจ เมื่อโชคชะตานำพาให้พวกเขาได้มาเจอกัน ความใกล้ชิดและการดูแลซึ่งกันและกันจึงค่อยๆ เติมเต็มส่วนที่ขาดหาย ทำให้หัวใจที่เคยอ้างว้างกลับมามีความสุขและเปี่ยมไปด้วยความรักอีกครั้ง,"รักเติมเต็ม, โรแมนติก, ดราม่า, ซีรีส์ไทย, ความรัก, ฟีลกู้ด",น 13+ (เหมาะสำหรับผู้มีอายุ 13 ปีขึ้นไป),122.jpg,TrueID / YouTube
123,ดีลลับฉบับเล่นเล่ห์,ดีลลับฉบับเล่นเล่ห์,Series,2024,โรแมนติก,"โรแมนติก, คอมเมดี้","สนุกสนาน, ชวนฟิน, ตลกเฮฮา, สดใส","ข้อตกลง/ดีลลับระหว่างสองคน, ความรักในวงการธุรกิจหรือออฟฟิศ, การเล่นตามเกมจนตกหลุมรักจริง",สองคนที่ต้องมาทำข้อตกลงลับๆ ร่วมกันเพื่อผลประโยชน์บางอย่าง แต่ในระหว่างที่ปฏิบัติตามดีลลับ ความรู้สึกที่แกล้งทำกลับกลายเป็นความรักจริงขึ้นมา,"ซีรีส์โรแมนติกคอมเมดี้พล็อตคู่รักสัญญา/ดีลลับ, เรื่องราวสุดป่วนชวนฟิน",Thai,Thailand,เรื่องราวความรักสุดป่วนที่เริ่มต้นจากข้อตกลงลับๆ ระหว่างสองคน เพื่อแก้ปัญหาบางอย่าง แต่ยิ่งทำตามดีลมากเท่าไหร่ ความใกล้ชิดกลับทำให้ความสัมพันธ์หลอกๆ เริ่มกลายเป็นความจริง จนต้องมาลุ้นว่าดีลลับครั้งนี้จะจบลงด้วยความรักสุดเจ๋งได้อย่างไร,"ดีลลับฉบับเจ๋ง, โรแมนติกคอมเมดี้, ซีรีส์ไทย, ดีลลับ, ความรัก",ท (เหมาะสำหรับทั่วไป),123.jpg,TrueID / YouTube
124,รินไม่มีวันรัก,รินไม่มีวันรัก,Series,2024,ดราม่า,"ดราม่า, โรแมนติก","เข้มข้น, ตึงเครียด, สะเทือนอารมณ์, กดดัน","การปากแข็งและการปฏิเสธหัวใจตัวเอง, ความแค้นปนความรัก, การเอาชนะใจคนที่ล้อมกำแพงไว้สูง","""ริน"" หญิงสาว/ชายหนุ่มผู้มีบาดแผลทางใจและตั้งปณิธานไว้ว่าจะไม่มีวันรักใคร โดยเฉพาะคนที่เข้ามาวุ่นวายในชีวิต แต่ยิ่งปฏิเสธมากเท่าไหร่ อีกฝ่ายก็ยิ่งพยายามทลายกำแพงนั้นลง","ละคร/ซีรีส์แนวโรแมนติกดราม่าเชือดเฉือนอารมณ์, พระเอก/นางเอกสายใจแข็งปากไม่ตรงกับใจ",Thai,Thailand,"เรื่องราวของ ""ริน"" ผู้ซึ่งล้อมกำแพงหัวใจไว้อย่างหนาแน่นและปฏิเสธความรักมาโดยตลอดจากบาดแผลในอดีต พร้อมลั่นวาจาว่าชีวิตนี้จะไม่มีวันรักใคร จนกระทั่งได้พบกับใครบางคนที่เข้ามาท้าทายและพยายามพิสูจน์รักแท้เพื่อละลายหัวใจอันแข็งแกร่งของริน","รินไม่มีวันรัก, ดราม่า, โรแมนติก, ซีรีส์ไทย, ความรัก",น 13+ (เหมาะสำหรับผู้มีอายุ 13 ปีขึ้นไป),124.jpg,TrueID / YouTube
125,ล้านวงโคจร,ล้านวงโคจร,Series,2024,โรแมนติก,"โรแมนติก, ดราม่า, แฟนตาซี","ซาบซึ้ง, ละมุนละไม, อบอุ่นหัวใจ, ชวนติดตาม","วงโคจรแห่งโชคชะตาและพรหมลิขิต, การวนกลับมาพบกันของคนสองคน, ความรักข้ามเวลาหรือมิติ",คนสองคนที่เปรียบเสมือนดวงดาวในคนละวงโคจร แม้จะหมุนผ่านกันไปกี่ล้านครั้ง แต่โชคชะตาก็มักจะหมุนให้พวกเขากลับมาพบและรักกันเสมอ,"ซีรีส์โรแมนติกแฟนตาซีสุดละมุน, เรื่องราวพรหมลิขิตและโชคชะตา, ซีรีส์วาย/ซีรีส์ไทย",Thai,Thailand,เรื่องราวความรักดั่งการเดินทางของดวงดาวในล้านวงโคจร เมื่อคนสองคนที่ดูเหมือนจะอยู่คนละโลกกลับถูกแรงดึงดูดของโชคชะตาเหวี่ยงให้มาพบกัน ไม่ว่าจะต้องหมุนผ่านกาลเวลา อุปสรรค หรือความเข้าใจผิดกี่ครั้ง วงโคจรแห่งความรักก็ยังนำพาหัวใจทั้งสองดวงกลับมารวมกันเสมอ,"ล้านวงโคจร, Orbit of Love, โรแมนติก, แฟนตาซี, ซีรีส์ไทย, พรหมลิขิต",น 13+ (เหมาะสำหรับผู้มีอายุ 13 ปีขึ้นไป),125.jpg,TrueID / IQIYI / YouTube
126,23.5 องศาที่โลกเอียง,23.5 องศาที่โลกเอียง,Series,2024,โรแมนติก,"โรแมนติก, คอมเมดี้, วัยรุ่น, GL (Girls' Love)","สดใส, สนุกสนาน, อบอุ่นหัวใจ, ชวนฟิน","ความรักวัยเรียนสาย Girls' Love (GL), การแอบรักและการส่งข้อความผ่านตัวตนลับ (องศา/ซัน), การเติบโตและมิตรภาพ","""องศา"" เด็กสาวจางๆ ไร้ตัวตนในโรงเรียน แอบชอบ ""ซัน"" สาวดาวโรงเรียนสุดสดใส องศาใช้แอคเคานต์ปริศนาชื่อ ""เอิร์ธ"" ทักไปคุยกับซัน จนเกิดเป็นความผูกพันและเรื่องราวสุดรักน่ารักในรั้วโรงเรียน","ซีรีส์ GL (Girls' Love) เรื่องแรกจาก GMMTV ที่ได้รับความนิยมอย่างสูง, นำแสดงโดย มิ้ลค์ พรรษา และ เลิฟ ภัทรานิษฐ์",Thai,Thailand,"เรื่องราวความรักสุดน่ารักของ ""องศา"" เด็กสาวเงียบๆ ที่เปรียบตัวเองเหมือนโลกซึ่งเอียง 23.5 องศา เธอแอบรัก ""ซัน"" สาวฮอตสดใสประจำโรงเรียน แต่ไม่กล้าเข้าหา จึงตัดสินใจทักหาซันผ่านไลน์ในชื่อไอดี ""เอิร์ธ"" ความสัมพันธ์ทางข้อความค่อยๆ เบิดบาน แต่เมื่อความจริงถูกเปิดเผย องศาจะกล้าเผยความรู้สึกจริงต่อหน้าซันหรือไม่","23.5 องศาที่เอียงโลก, 23.5, GMMTV, GL, มิ้ลค์ เลิฟ, ซีรีส์หญิงรักหญิง, วัยรุ่น",ท (เหมาะสำหรับทั่วไป),126.jpg,GMM25 / Netflix / YouTube GMMTV
